시간,Current Thread 수,호출 건수,동시 사용자,ERROR 수,프로세스 CPU사용률 (%)
8/25/2017 00:00,172,3669,221,454,21.02
8/25/2017 00:01,163,4216,202,463,23.64
8/25/2017 00:02,147,4811,246,526,27.42
8/25/2017 00:03,125,6708,217,445,39.93
8/25/2017 00:04,113,5953,241,452,35.53
8/25/2017 00:05,116,5753,198,466,33.59
8/25/2017 00:06,124,5276,209,431,30.68
8/25/2017 00:07,122,4547,213,424,26.21
8/25/2017 00:08,115,4346,192,411,24.47
8/25/2017 00:09,113,4098,233,418,22.26
8/25/2017 00:10,168,3923,192,458,21.74
8/25/2017 00:11,156,4087,192,412,23.43
8/25/2017 00:12,122,4327,229,436,26.09
8/25/2017 00:13,116,4165,195,401,21.89
8/25/2017 00:14,117,3713,206,474,21.18
8/25/2017 00:15,82.8,4176,178,421,23.25
8/25/2017 00:16,86.19,4527,187,438,26.13
8/25/2017 00:17,120,5097,199,398,27.85
8/25/2017 00:18,103,5598,204,344,31.48
8/25/2017 00:19,104,4732,179,391,26.01
8/25/2017 00:20,134,4120,188,445,21.88
8/25/2017 00:21,133,4171,184,392,23.64
8/25/2017 00:22,123,4598,212,453,28.01
8/25/2017 00:23,81.83,4427,184,404,25.86
8/25/2017 00:24,81.91,4480,198,400,26.14
8/25/2017 00:25,107,4399,169,380,24.13
8/25/2017 00:26,102,4200,202,454,22.92
8/25/2017 00:27,111,4515,188,442,25.68
8/25/2017 00:28,101,3983,184,411,22.29
8/25/2017 00:29,90.25,3979,191,434,21.81
8/25/2017 00:30,113,4013,178,415,22.47
8/25/2017 00:31,89.01,4369,157,418,23.92
8/25/2017 00:32,95.09,4157,173,383,23.54
8/25/2017 00:33,95.26,4396,144,425,26.28
8/25/2017 00:34,80.19,4423,164,388,24.96
8/25/2017 00:35,73.16,4701,151,338,26.47
8/25/2017 00:36,74.45,4688,147,364,26.54
8/25/2017 00:37,79.53,3803,157,328,21.1
8/25/2017 00:38,75.9,3543,146,315,20
8/25/2017 00:39,67.83,4182,163,316,23.8
8/25/2017 00:40,98,4188,151,286,23.52
8/25/2017 00:41,85.73,3929,168,331,21.68
8/25/2017 00:42,89.9,3772,198,324,20.36
8/25/2017 00:43,80.09,4278,146,304,23.49
8/25/2017 00:44,75.76,3991,158,325,21.87
8/25/2017 00:45,93.25,3704,144,328,21.14
8/25/2017 00:46,89.05,3311,158,345,18.78
8/25/2017 00:47,85.63,3473,171,282,18.23
8/25/2017 00:48,100,3558,211,379,19.64
8/25/2017 00:49,93.48,3265,139,330,17.97
8/25/2017 00:50,115,2902,148,341,16.62
8/25/2017 00:51,106,3012,145,324,17.23
8/25/2017 00:52,84.28,3244,170,295,17.89
8/25/2017 00:53,73.9,3530,158,256,19.8
8/25/2017 00:54,61.45,3131,126,312,17.91
8/25/2017 00:55,63.2,3503,135,306,19.41
8/25/2017 00:56,64.8,3544,133,258,19.39
8/25/2017 00:57,64.8,3482,144,319,19.26
8/25/2017 00:58,68.93,3155,149,320,18.34
8/25/2017 00:59,94,3708,114,326,20.59
8/25/2017 01:00,109,3039,149,436,18.92
8/25/2017 01:01,87.5,2927,123,367,16.86
8/25/2017 01:02,81.73,3013,174,385,17.17
8/25/2017 01:03,77.26,3080,138,369,16.66
8/25/2017 01:04,74.8,3025,151,351,15.79
8/25/2017 01:05,71.43,2828,109,296,15.31
8/25/2017 01:06,59.06,3375,120,369,18.18
8/25/2017 01:07,72.06,3348,155,318,17.14
8/25/2017 01:08,78.78,3264,153,406,17.04
8/25/2017 01:09,78.45,2833,135,348,15.76
8/25/2017 01:10,126,3145,128,368,17.77
8/25/2017 01:11,105,2672,119,313,14.66
8/25/2017 01:12,63.98,2556,154,281,13.87
8/25/2017 01:13,66.86,2253,152,301,14.02
8/25/2017 01:14,64.09,2275,130,246,12.39
8/25/2017 01:15,59.2,2335,119,284,13.39
8/25/2017 01:16,55.43,2329,112,216,12.53
8/25/2017 01:17,60.03,2552,124,241,13.71
8/25/2017 01:18,67.51,2827,101,219,15.59
8/25/2017 01:19,57.4,2822,112,219,15
8/25/2017 01:20,86.33,2427,123,249,14.12
8/25/2017 01:21,69.83,2208,119,280,13.71
8/25/2017 01:22,62.16,2252,138,276,12.84
8/25/2017 01:23,65.83,2392,125,261,14.87
8/25/2017 01:24,63.83,2326,119,241,13.16
8/25/2017 01:25,67.16,1984,115,232,11.15
8/25/2017 01:26,50.16,2369,115,259,13.63
8/25/2017 01:27,57.16,2411,120,225,14.44
8/25/2017 01:28,65.5,2540,132,245,14.53
8/25/2017 01:29,49.33,2530,112,251,13.82
8/25/2017 01:30,91.66,2233,119,248,13.07
8/25/2017 01:31,74.5,2625,103,191,14.49
8/25/2017 01:32,56.66,2456,130,215,13.75
8/25/2017 01:33,82.65,2333,126,252,13.47
8/25/2017 01:34,65.88,2448,116,219,13.28
8/25/2017 01:35,68.51,2227,97.12,233,12.9
8/25/2017 01:36,58.45,2060,84.71,266,12.51
8/25/2017 01:37,58.73,2432,106,199,13.17
8/25/2017 01:38,74.05,1997,106,252,11.59
8/25/2017 01:39,70.56,2367,112,311,14.61
8/25/2017 01:40,97.25,2235,96.58,255,13.54
8/25/2017 01:41,69.9,2217,104,253,12.96
8/25/2017 01:42,61.28,2604,136,254,14.25
8/25/2017 01:43,65.73,2456,136,270,13.85
8/25/2017 01:44,64.44,2282,112,252,13.01
8/25/2017 01:45,67.41,2279,133,288,14.23
8/25/2017 01:46,54.58,2245,115,305,13.01
8/25/2017 01:47,54.16,1905,110,269,10.73
8/25/2017 01:48,54.43,2214,113,273,13.02
8/25/2017 01:49,53.26,2537,108,230,13.84
8/25/2017 01:50,88.8,2292,109,244,13.49
8/25/2017 01:51,72.86,2762,133,298,16.3
8/25/2017 01:52,79.86,2394,112,220,13.32
8/25/2017 01:53,72.76,2344,118,215,12.83
8/25/2017 01:54,95.36,2380,133,233,14.52
8/25/2017 01:55,67.33,2092,113,232,11.46
8/25/2017 01:56,69.83,2044,112,218,11.43
8/25/2017 01:57,67.45,2153,133,211,12.31
8/25/2017 01:58,56.4,1972,109,203,10.7
8/25/2017 01:59,55.71,1955,101,244,12.04
8/25/2017 02:00,83.71,1666,134,226,9.86
8/25/2017 02:01,73.05,2375,129,227,12.94
8/25/2017 02:02,63.81,2320,126,239,12.83
8/25/2017 02:03,51.06,2302,117,237,13.25
8/25/2017 02:04,45.46,2290,108,209,13
8/25/2017 02:05,42.45,2324,88.4,220,13.58
8/25/2017 02:06,44.06,2255,115,243,12.2
8/25/2017 02:07,51.21,2319,101,217,12.62
8/25/2017 02:08,56.83,2438,106,218,13.44
8/25/2017 02:09,57.53,2263,100,214,13.51
8/25/2017 02:10,73.03,1795,99.81,227,10.46
8/25/2017 02:11,52.36,1969,86.51,231,11.07
8/25/2017 02:12,40.11,1954,84.67,201,11.19
8/25/2017 02:13,41.88,1953,88.17,243,10.98
8/25/2017 02:14,48.03,1757,81.45,215,10.38
8/25/2017 02:15,51.26,2125,82.14,222,11.87
8/25/2017 02:16,48.33,2101,78.41,213,12.53
8/25/2017 02:17,43.83,2081,95.97,223,12.23
8/25/2017 02:18,41.79,1800,75.45,244,10.6
8/25/2017 02:19,47.63,1744,89.16,283,10.16
8/25/2017 02:20,69.53,1827,76.08,235,10.25
8/25/2017 02:21,57.2,1917,68.98,230,12.05
8/25/2017 02:22,47.4,2112,77.63,245,13.12
8/25/2017 02:23,48.23,2018,84.79,156,11.59
8/25/2017 02:24,48.36,2262,79.7,244,13.04
8/25/2017 02:25,45.66,2109,68.52,197,12.06
8/25/2017 02:26,44.7,1901,82.08,186,11.26
8/25/2017 02:27,54.56,1808,78.65,168,10.33
8/25/2017 02:28,41.5,1880,82.57,155,10.53
8/25/2017 02:29,41.86,1786,90.94,182,9.77
8/25/2017 02:30,71.69,1990,75.89,175,11.22
8/25/2017 02:31,57.25,1973,69.41,182,10.51
8/25/2017 02:32,70.66,2048,98.61,184,11.66
8/25/2017 02:33,48.58,1715,107,169,9.94
8/25/2017 02:34,38.33,1830,69.09,185,10.55
8/25/2017 02:35,42.5,1836,73.41,175,10.11
8/25/2017 02:36,48.5,1915,96.81,208,10.59
8/25/2017 02:37,44.5,2302,99.23,212,12.72
8/25/2017 02:38,48.33,2234,92.44,194,12.03
8/25/2017 02:39,56.08,2073,92.54,184,12.06
8/25/2017 02:40,46.08,2068,86.52,171,11.59
8/25/2017 02:41,38.15,2283,93.4,198,12.46
8/25/2017 02:42,49.5,2310,80.41,188,12.48
8/25/2017 02:43,48.77,2059,102,208,11.48
8/25/2017 02:44,43.75,1929,69.84,174,10.71
8/25/2017 02:45,49.08,2298,80.38,157,11.58
8/25/2017 02:46,52.33,1894,106,211,10.9
8/25/2017 02:47,52.88,1780,101,186,10.62
8/25/2017 02:48,52.76,1860,77.11,249,11.43
8/25/2017 02:49,44.9,1554,100,171,9.22
8/25/2017 02:50,43.83,1689,90.67,170,9.81
8/25/2017 02:51,41.9,1687,72.88,193,11.11
8/25/2017 02:52,40.53,1390,68.98,190,8.86
8/25/2017 02:53,37.03,1492,89.71,148,7.91
8/25/2017 02:54,42.93,1473,86.07,168,8.91
8/25/2017 02:55,30.56,1508,102,162,9.02
8/25/2017 02:56,35.53,1351,74.33,187,8.53
8/25/2017 02:57,54.53,1382,77.65,189,8.19
8/25/2017 02:58,49.29,1395,94.35,130,8.48
8/25/2017 02:59,40.29,1615,67.61,189,9.81
8/25/2017 03:00,84.83,1722,98.41,203,11.2
8/25/2017 03:01,64.93,1847,67.13,165,10.88
8/25/2017 03:02,64.86,1623,101,231,10.63
8/25/2017 03:03,43.38,1183,95.34,168,8.19
8/25/2017 03:04,44.91,1213,83.56,166,7.46
8/25/2017 03:05,39.63,1249,80.84,136,7.88
8/25/2017 03:06,40.7,1180,64.28,137,7.39
8/25/2017 03:07,31.18,1193,93.32,173,7.32
8/25/2017 03:08,35.86,1289,65.13,155,7.99
8/25/2017 03:09,37.7,1312,71.2,162,8.69
8/25/2017 03:10,61.25,1214,69.04,165,7.59
8/25/2017 03:11,40.36,1156,76.47,134,6.75
8/25/2017 03:12,30.46,1072,62.42,118,6.61
8/25/2017 03:13,32.9,1232,85.55,161,7.81
8/25/2017 03:14,34.59,1202,62.89,131,7.22
8/25/2017 03:15,28.89,1293,71.7,233,8.28
8/25/2017 03:16,30.68,1105,61.15,152,6.97
8/25/2017 03:17,28.81,1066,87.26,154,7.08
8/25/2017 03:18,33.18,1101,68.03,151,7.32
8/25/2017 03:19,32.78,1238,50.13,139,7.47
8/25/2017 03:20,47.75,1301,63.12,170,8.08
8/25/2017 03:21,34.03,1481,73.28,166,9.55
8/25/2017 03:22,29.1,1425,64.22,155,8.16
8/25/2017 03:23,35.43,1409,82.08,154,8.25
8/25/2017 03:24,29.43,1477,67.86,105,8.27
8/25/2017 03:25,35.09,1426,59.74,135,7.81
8/25/2017 03:26,31.5,1592,51.48,162,9.11
8/25/2017 03:27,33.72,1513,59.21,116,8.56
8/25/2017 03:28,26.39,1337,66.56,140,8.1
8/25/2017 03:29,26.03,1147,55.16,91,6.37
8/25/2017 03:30,39.56,1085,48.1,109,6.72
8/25/2017 03:31,24.46,1249,46.79,93,6.9
8/25/2017 03:32,26.73,993,48.32,88,5.99
8/25/2017 03:33,26.79,1044,55.4,115,6.33
8/25/2017 03:34,27.73,981,54.77,122,6.26
8/25/2017 03:35,24.63,1052,56.2,133,6.75
8/25/2017 03:36,32.26,926,58.13,139,6.39
8/25/2017 03:37,27.29,926,69.51,127,6.32
8/25/2017 03:38,30.93,1078,68.06,130,6.27
8/25/2017 03:39,31.1,964,65.75,122,6.35
8/25/2017 03:40,27.93,867,48.84,123,5.8
8/25/2017 03:41,22.68,799,43.23,126,5.22
8/25/2017 03:42,24.46,1065,48.9,144,6.52
8/25/2017 03:43,29.33,922,55.69,138,6.08
8/25/2017 03:44,28.56,1080,55.34,135,6.61
8/25/2017 03:45,36.25,1025,42.39,124,6.32
8/25/2017 03:46,34.18,1058,42.18,148,6.63
8/25/2017 03:47,33.4,916,36.74,93,5.39
8/25/2017 03:48,27.63,1014,44.76,149,7
8/25/2017 03:49,28.81,1066,65.27,110,6.43
8/25/2017 03:50,36.65,964,55.46,141,5.78
8/25/2017 03:51,33.26,819,52.85,126,5.7
8/25/2017 03:52,38.11,1090,66.03,119,6.15
8/25/2017 03:53,44.95,1173,56.57,181,6.51
8/25/2017 03:54,34.4,1236,55.34,125,6.59
8/25/2017 03:55,32.08,1297,62.31,142,6.77
8/25/2017 03:56,28.08,1145,68.45,138,6.9
8/25/2017 03:57,24.66,943,47.84,157,6.58
8/25/2017 03:58,33.15,1169,68.59,169,7.23
8/25/2017 03:59,26,1094,72.56,119,6.35
8/25/2017 04:00,49.33,1207,52.43,144,7.33
8/25/2017 04:01,33.15,1179,54.84,94,6.85
8/25/2017 04:02,23,1253,43.69,131,7.43
8/25/2017 04:03,30.16,1291,57.66,121,7.56
8/25/2017 04:04,26,1244,64.63,110,6.89
8/25/2017 04:05,32.33,1087,53.88,125,6.42
8/25/2017 04:06,26.5,1094,44.27,117,6.7
8/25/2017 04:07,27.33,1088,56.34,104,6.53
8/25/2017 04:08,20.5,1267,46.08,101,6.91
8/25/2017 04:09,22.33,1517,54.23,131,8.82
8/25/2017 04:10,29.66,1205,47.64,92,6.33
8/25/2017 04:11,37.33,1197,41.63,115,7.2
8/25/2017 04:12,33.5,1178,54.26,137,6.83
8/25/2017 04:13,27,1287,40.22,138,7.41
8/25/2017 04:14,22.16,1034,64.4,135,6.22
8/25/2017 04:15,26.83,1174,72.19,138,7.12
8/25/2017 04:16,27.96,1284,48.1,130,7.63
8/25/2017 04:17,37.61,1486,60.94,137,8.44
8/25/2017 04:18,35.15,1265,51.2,124,7.59
8/25/2017 04:19,29.43,1563,59.2,154,9.09
8/25/2017 04:20,47.81,1597,65.73,148,8.83
8/25/2017 04:21,36.43,1520,57.24,119,8.38
8/25/2017 04:22,33.47,1478,46.76,141,8.19
8/25/2017 04:23,26.96,1359,42.48,119,7.73
8/25/2017 04:24,26.46,1416,78.26,184,8.67
8/25/2017 04:25,34.2,1312,61.7,129,7.57
8/25/2017 04:26,29.13,1139,46.09,152,6.73
8/25/2017 04:27,30.2,1193,49.43,153,7.29
8/25/2017 04:28,34.88,1111,56.49,151,6.68
8/25/2017 04:29,31,1067,58.2,147,6.61
8/25/2017 04:30,50.81,1036,63.39,122,6.44
8/25/2017 04:31,30.56,1074,37.45,113,6.24
8/25/2017 04:32,31.28,1124,44.37,134,7
8/25/2017 04:33,31.21,1044,43.32,150,7
8/25/2017 04:34,42.13,1094,61.26,125,6.22
8/25/2017 04:35,43.43,1106,53.61,124,6.58
8/25/2017 04:36,25.53,1079,47.93,130,7.42
8/25/2017 04:37,31.1,1000,35.72,98,5.54
8/25/2017 04:38,27.39,1049,35.18,111,6.25
8/25/2017 04:39,24.79,1069,53.33,140,7.52
8/25/2017 04:40,29.76,1077,50.01,109,6.79
8/25/2017 04:41,29.29,1205,42.82,150,6.66
8/25/2017 04:42,26.76,1054,44.67,136,6.2
8/25/2017 04:43,25.2,975,28.78,124,6.25
8/25/2017 04:44,21.89,904,60.9,149,5.09
8/25/2017 04:45,23.83,960,41.58,161,6.7
8/25/2017 04:46,23.56,988,48.23,134,6.2
8/25/2017 04:47,22.29,899,41.88,95,5.32
8/25/2017 04:48,17.03,840,38.93,118,5.36
8/25/2017 04:49,24.79,987,61.78,104,5.42
8/25/2017 04:50,45.73,707,34.18,96,4.92
8/25/2017 04:51,22.26,757,52.5,90,4.95
8/25/2017 04:52,24.89,892,56.63,114,5.39
8/25/2017 04:53,23.39,889,32.32,130,5.6
8/25/2017 04:54,33.36,879,41.99,117,5.99
8/25/2017 04:55,33.5,952,58.47,122,5.71
8/25/2017 04:56,27.53,868,51.44,121,5.38
8/25/2017 04:57,29.36,800,38.9,119,5.32
8/25/2017 04:58,29.41,769,34.89,135,5.54
8/25/2017 04:59,25.25,787,43.05,102,4.61
8/25/2017 05:00,37.65,1004,59.72,139,4.88
8/25/2017 05:01,29.21,797,40.46,104,3.67
8/25/2017 05:02,28.23,873,56.98,132,3.63
8/25/2017 05:03,25.43,770,40.17,108,3.6
8/25/2017 05:04,22.6,722,53.67,124,3.37
8/25/2017 05:05,25.43,675,44.51,113,3.42
8/25/2017 05:06,24.73,702,45.58,104,3.4
8/25/2017 05:07,27.95,617,54.7,103,3.01
8/25/2017 05:08,24.96,647,41.53,96,2.97
8/25/2017 05:09,25.06,581,46.82,96,2.96
8/25/2017 05:10,21.83,723,56.25,135,4.79
8/25/2017 05:11,23.04,559,37.36,88,3.7
8/25/2017 05:12,21.76,509,48.54,87,3.88
8/25/2017 05:13,16.5,516,26.81,84,3.42
8/25/2017 05:14,27.04,670,63.33,114,4.29
8/25/2017 05:15,23.91,656,63.24,99,4.58
8/25/2017 05:16,21.73,777,30.55,134,4.42
8/25/2017 05:17,21.14,587,43.2,72,3.71
8/25/2017 05:18,23.01,589,53.05,84,4.44
8/25/2017 05:19,28.13,698,42.41,109,4.88
8/25/2017 05:20,26.7,679,50.24,119,4.76
8/25/2017 05:21,28.86,626,42.53,84,4.45
8/25/2017 05:22,22.39,637,44.48,103,4.46
8/25/2017 05:23,25.96,610,39.69,91,3.92
8/25/2017 05:24,22.66,608,40.97,110,4.48
8/25/2017 05:25,22.46,700,44.84,144,5.23
8/25/2017 05:26,18.43,616,36.81,121,4.5
8/25/2017 05:27,29.5,633,36.67,97,4.73
8/25/2017 05:28,29.93,633,41.12,110,3.96
8/25/2017 05:29,26,683,45.07,94,4.92
8/25/2017 05:30,31.36,699,39.5,127,5.4
8/25/2017 05:31,19.36,570,28.79,97,4.33
8/25/2017 05:32,21.86,672,31.66,87,4.34
8/25/2017 05:33,24.39,621,32.9,105,4.66
8/25/2017 05:34,22.53,650,38.76,78,4.26
8/25/2017 05:35,26.1,587,40.5,104,4.03
8/25/2017 05:36,27.13,598,42.94,93,4.61
8/25/2017 05:37,25.16,576,44.74,86,4.01
8/25/2017 05:38,33.46,740,34.5,105,5.71
8/25/2017 05:39,34.25,711,55.16,120,5.98
8/25/2017 05:40,28.66,774,38.57,146,5.7
8/25/2017 05:41,22.25,609,37.39,98,3.92
8/25/2017 05:42,22.41,671,34.5,105,4.73
8/25/2017 05:43,22.75,638,50.16,122,4.69
8/25/2017 05:44,20.66,611,45.8,116,4.62
8/25/2017 05:45,25.91,592,45.63,96,4.72
8/25/2017 05:46,19.5,427,43.46,95,3.61
8/25/2017 05:47,24.16,412,43.63,100,3.47
8/25/2017 05:48,23.08,417,57.15,89,3.7
8/25/2017 05:49,24.41,396,63.45,91,3.36
8/25/2017 05:50,23.33,403,65.09,109,3.88
8/25/2017 05:51,25.66,438,40.97,107,3.85
8/25/2017 05:52,30.83,465,63,98,3.59
8/25/2017 05:53,24.16,540,36.39,101,4.33
8/25/2017 05:54,22.33,464,48.93,102,3.67
8/25/2017 05:55,31.16,635,83.34,133,4.63
8/25/2017 05:56,34.21,595,62.19,132,4.84
8/25/2017 05:57,35,659,52.07,123,5.09
8/25/2017 05:58,28.46,634,63.66,140,5
8/25/2017 05:59,32.03,627,60.06,113,4.51
8/25/2017 06:00,32.2,582,48.84,110,4.55
8/25/2017 06:01,20.43,577,42.54,92,4.54
8/25/2017 06:02,23.66,591,36.77,89,3.91
8/25/2017 06:03,21.03,753,28.77,76,4.83
8/25/2017 06:04,20.23,890,47.28,86,5.59
8/25/2017 06:05,22.2,677,52.26,94,4.54
8/25/2017 06:06,29.56,761,94.23,118,5.59
8/25/2017 06:07,28.89,726,69.95,89,4.91
8/25/2017 06:08,24.33,751,34.56,88,4.28
8/25/2017 06:09,28.46,850,55.1,86,5.16
8/25/2017 06:10,32.72,895,46.97,87,5.24
8/25/2017 06:11,30.63,916,43.09,135,5.9
8/25/2017 06:12,26.16,800,60.07,106,5.47
8/25/2017 06:13,25.03,772,37.1,142,5.75
8/25/2017 06:14,24.7,742,51.56,92,4.7
8/25/2017 06:15,27.29,894,39.17,130,6.02
8/25/2017 06:16,26.95,959,48.98,143,6.56
8/25/2017 06:17,32.08,890,42.69,104,5.15
8/25/2017 06:18,35.88,720,36.6,92,5.12
8/25/2017 06:19,26.16,854,39.11,101,5.32
8/25/2017 06:20,32.88,872,40.64,110,5.84
8/25/2017 06:21,34.25,718,48.68,94,5.01
8/25/2017 06:22,22.36,609,39.96,82,4.01
8/25/2017 06:23,26.73,809,43.49,113,5.27
8/25/2017 06:24,32,769,53.54,108,5.54
8/25/2017 06:25,24.01,912,46.68,105,5.94
8/25/2017 06:26,29.21,799,45.15,136,5.73
8/25/2017 06:27,36.36,803,72.56,124,5.54
8/25/2017 06:28,35.34,989,55.76,122,6.36
8/25/2017 06:29,28.45,1039,54.08,123,6.82
8/25/2017 06:30,32.09,899,55.79,117,6.12
8/25/2017 06:31,25.64,477,41.16,99,3.76
8/25/2017 06:32,26,416,53,126,3.72
8/25/2017 06:33,26.36,493,44.61,143,4.74
8/25/2017 06:34,24.2,434,52.73,82,3.23
8/25/2017 06:35,26.06,531,49.1,98,4.12
8/25/2017 06:36,20.96,536,49.89,114,4.94
8/25/2017 06:37,22.96,575,54.55,119,4.69
8/25/2017 06:38,31.76,560,38.65,98,4.73
8/25/2017 06:39,33.56,582,49.48,95,4.45
8/25/2017 06:40,23.6,527,58.46,69,3.62
8/25/2017 06:41,28.66,701,41.03,122,5.2
8/25/2017 06:42,30.26,610,41.41,85,4.54
8/25/2017 06:43,31.26,507,37.54,101,4.01
8/25/2017 06:44,35.26,442,53.35,87,3.19
8/25/2017 06:45,35.33,534,72.14,100,4.62
8/25/2017 06:46,37.72,680,49.05,100,4.83
8/25/2017 06:47,26.51,674,32.45,95,4.4
8/25/2017 06:48,40.22,782,39.02,110,5.71
8/25/2017 06:49,33.26,724,63.05,88,5.01
8/25/2017 06:50,26.45,552,51.93,102,4.59
8/25/2017 06:51,24.89,471,44.25,97,3.65
8/25/2017 06:52,26.31,595,61.32,93,4.3
8/25/2017 06:53,35.68,607,33.86,92,3.85
8/25/2017 06:54,31.93,492,65.88,117,4.24
8/25/2017 06:55,30.03,611,54.74,80,4.13
8/25/2017 06:56,19.5,565,44.86,83,3.83
8/25/2017 06:57,26.64,534,55.57,114,4.43
8/25/2017 06:58,22.44,479,55.91,81,3.49
8/25/2017 06:59,23.23,694,60.33,93,4.76
8/25/2017 07:00,20.89,525,62.07,71,4.04
8/25/2017 07:01,26.86,866,60.08,83,5.3
8/25/2017 07:02,22.29,610,60.85,154,4.51
8/25/2017 07:03,25.85,450,37.04,123,4.94
8/25/2017 07:04,26.71,559,56.17,149,5.17
8/25/2017 07:05,35.5,544,56.82,109,4.63
8/25/2017 07:06,26,473,49.3,105,4.34
8/25/2017 07:07,21.16,517,36.53,109,4.43
8/25/2017 07:08,26.16,517,33.07,130,4.09
8/25/2017 07:09,30.33,628,39.65,152,5.57
8/25/2017 07:10,26,553,51.64,149,4.84
8/25/2017 07:11,28.5,612,46.17,168,4.99
8/25/2017 07:12,34.65,658,71.69,190,6.7
8/25/2017 07:13,30.33,501,54.59,117,4.58
8/25/2017 07:14,36,603,66.2,110,4.32
8/25/2017 07:15,38.15,531,74.04,104,4.74
8/25/2017 07:16,35.33,538,73.48,116,4.01
8/25/2017 07:17,33,461,56.11,82,3.77
8/25/2017 07:18,34.65,594,46.24,96,4.51
8/25/2017 07:19,37.65,573,67.44,104,4.75
8/25/2017 07:20,28.5,452,66.25,114,3.34
8/25/2017 07:21,31.7,666,51.97,96,4.87
8/25/2017 07:22,31.26,589,52.02,95,4.47
8/25/2017 07:23,39.28,700,53.23,101,4.42
8/25/2017 07:24,42.31,574,62.19,133,5.48
8/25/2017 07:25,24.45,607,49.04,162,5.57
8/25/2017 07:26,31.14,728,58.35,136,5.38
8/25/2017 07:27,29.54,789,86.68,177,6.39
8/25/2017 07:28,36.46,831,64.75,171,6.22
8/25/2017 07:29,48.25,915,57.42,148,6.21
8/25/2017 07:30,44.21,938,76.72,168,6.3
8/25/2017 07:31,32.4,822,64.2,136,5.91
8/25/2017 07:32,37.4,850,62.18,115,5.59
8/25/2017 07:33,31.95,992,81.3,131,6.53
8/25/2017 07:34,33.13,693,53.3,128,5.28
8/25/2017 07:35,22.08,927,71.64,138,5.82
8/25/2017 07:36,32.84,861,64.33,113,6.09
8/25/2017 07:37,32.21,982,42.72,108,6.94
8/25/2017 07:38,31.37,993,53.52,120,6.87
8/25/2017 07:39,32.7,989,53.22,107,7.16
8/25/2017 07:40,27.76,742,87.91,123,5.42
8/25/2017 07:41,35.93,729,57.08,130,5.82
8/25/2017 07:42,25.73,684,48.49,156,5.62
8/25/2017 07:43,42.93,794,55.22,151,5.63
8/25/2017 07:44,31.16,753,60.13,123,5.12
8/25/2017 07:45,24.73,706,55.52,121,5.55
8/25/2017 07:46,29.28,741,55.25,150,6.05
8/25/2017 07:47,35.96,908,58.32,156,6.42
8/25/2017 07:48,30.63,508,50.27,100,4.74
8/25/2017 07:49,33.72,769,67.31,124,5.01
8/25/2017 07:50,27.76,684,108,122,5.13
8/25/2017 07:51,26.56,546,69,104,6.01
8/25/2017 07:52,24.5,566,84.37,111,4.32
8/25/2017 07:53,27.86,634,56.9,111,5.28
8/25/2017 07:54,33.4,644,71.44,109,4.75
8/25/2017 07:55,31.45,796,105,122,5.64
8/25/2017 07:56,35.76,697,61.41,108,5.12
8/25/2017 07:57,33.65,627,44.83,98,4.84
8/25/2017 07:58,27.36,630,52.85,171,5.08
8/25/2017 07:59,27.25,575,60.61,124,4.63
8/25/2017 08:00,31.68,819,78.89,124,6.23
8/25/2017 08:01,34.43,905,80.5,147,5.59
8/25/2017 08:02,37.11,721,67.58,119,4.79
8/25/2017 08:03,37.15,833,50.88,133,5.79
8/25/2017 08:04,27.45,636,65.52,98,4.71
8/25/2017 08:05,20.66,632,68.31,97,4.16
8/25/2017 08:06,32.08,901,62.05,128,5.63
8/25/2017 08:07,38.15,731,65.43,164,5.67
8/25/2017 08:08,35.38,709,47.06,156,5.36
8/25/2017 08:09,38.72,873,46.53,139,6.15
8/25/2017 08:10,45.28,759,94.72,150,5.05
8/25/2017 08:11,37.7,1132,63.51,142,6.73
8/25/2017 08:12,34.56,1192,42.4,131,7.75
8/25/2017 08:13,29.23,1545,44.6,164,8.52
8/25/2017 08:14,34.33,1227,62.77,133,7.6
8/25/2017 08:15,35.53,1713,59.27,113,9.66
8/25/2017 08:16,44.09,1806,57.71,149,10.18
8/25/2017 08:17,42.59,1320,44.77,138,7.45
8/25/2017 08:18,43.63,1405,46.79,132,8.71
8/25/2017 08:19,65.3,1234,70.63,140,7.92
8/25/2017 08:20,75.43,1482,77.45,140,8.55
8/25/2017 08:21,58.09,1518,55.44,118,9.01
8/25/2017 08:22,44.5,1413,54.67,131,8.43
8/25/2017 08:23,52.26,1428,50.1,121,7.84
8/25/2017 08:24,39.26,1263,59.66,155,8.48
8/25/2017 08:25,38.33,1441,68.34,188,8.77
8/25/2017 08:26,36.25,1040,38.49,144,7.27
8/25/2017 08:27,49.75,934,67.17,127,6.12
8/25/2017 08:28,47.16,1221,41.94,139,8
8/25/2017 08:29,31,1136,44.51,104,6.8
8/25/2017 08:30,47.16,1020,67.8,161,6.99
8/25/2017 08:31,46.58,1031,44.76,110,6.59
8/25/2017 08:32,30.91,1385,34.31,121,8.25
8/25/2017 08:33,43.5,1337,54.81,144,8.63
8/25/2017 08:34,41.33,1807,55.34,138,10.46
8/25/2017 08:35,25.5,1605,71.72,115,9.01
8/25/2017 08:36,32.75,1228,46.09,138,8.43
8/25/2017 08:37,43.41,1189,45.11,174,8.19
8/25/2017 08:38,42.41,1145,43.66,117,7.1
8/25/2017 08:39,40.15,1239,65.66,135,7.92
8/25/2017 08:40,37.83,1160,46.57,147,7.26
8/25/2017 08:41,40,1274,50.66,145,7.86
8/25/2017 08:42,41.2,1214,72.38,180,7.91
8/25/2017 08:43,42.56,1026,42.19,170,6.88
8/25/2017 08:44,48.29,1655,46.23,174,9.55
8/25/2017 08:45,46.09,1377,56.72,191,9.28
8/25/2017 08:46,35.93,1256,74.25,175,8.36
8/25/2017 08:47,51.13,1311,92.47,178,8.21
8/25/2017 08:48,48.66,1234,68.34,157,8
8/25/2017 08:49,50.43,1615,55.45,178,9.44
8/25/2017 08:50,45.33,1275,96.31,184,7.99
8/25/2017 08:51,39.96,1914,59.28,128,10.38
8/25/2017 08:52,35.59,1382,67.98,153,8.27
8/25/2017 08:53,39.69,1442,72.53,148,8.67
8/25/2017 08:54,46.7,1495,55.47,160,9.68
8/25/2017 08:55,52.5,1809,86.71,179,9.97
8/25/2017 08:56,63.29,1838,64.84,216,10.97
8/25/2017 08:57,45.78,1585,62.01,159,9.4
8/25/2017 08:58,37.71,1494,74.62,173,9.51
8/25/2017 08:59,40.34,1226,66.58,179,7.56
8/25/2017 09:00,44.54,1463,86.13,183,8.94
8/25/2017 09:01,39.9,1371,100,181,9.13
8/25/2017 09:02,49.09,1555,89.08,216,9.63
8/25/2017 09:03,37.15,1930,68.53,231,12.3
8/25/2017 09:04,31.61,1622,84.97,145,9.01
8/25/2017 09:05,43.26,1686,94.77,163,9.5
8/25/2017 09:06,44.83,1626,53.92,148,10.05
8/25/2017 09:07,34.4,1728,74.08,146,9.66
8/25/2017 09:08,42.38,1718,78.67,222,10.48
8/25/2017 09:09,42.98,1552,83.99,208,9.86
8/25/2017 09:10,49.09,1769,81.39,213,10.24
8/25/2017 09:11,51.23,1676,82.71,208,10.33
8/25/2017 09:12,44.31,1773,67.88,180,10.25
8/25/2017 09:13,43.29,1662,70.27,221,10.01
8/25/2017 09:14,43.36,1636,83.74,177,10.02
8/25/2017 09:15,63,1705,111,169,9.52
8/25/2017 09:16,63.26,1568,72.08,201,10.01
8/25/2017 09:17,45.29,1460,98.55,122,8.33
8/25/2017 09:18,44.06,1713,76.54,152,9.42
8/25/2017 09:19,36.9,2075,61.1,137,10.83
8/25/2017 09:20,67.59,1731,103,188,10.36
8/25/2017 09:21,59.03,1844,98.28,141,10.73
8/25/2017 09:22,51.59,1599,79,166,9.08
8/25/2017 09:23,54.4,1649,80.43,172,9.55
8/25/2017 09:24,51.33,1678,64.59,159,10.42
8/25/2017 09:25,45.63,1681,117,147,9.35
8/25/2017 09:26,50.08,1811,88.8,139,10.19
8/25/2017 09:27,49.68,1511,81.95,163,9.84
8/25/2017 09:28,46.68,1519,77.17,152,8.35
8/25/2017 09:29,48.31,1423,70.48,177,8.64
8/25/2017 09:30,67.95,1607,107,171,9.82
8/25/2017 09:31,42.45,1955,98.05,156,9.97
8/25/2017 09:32,44.15,2163,94.63,161,11.47
8/25/2017 09:33,37.01,1866,66.9,180,11.12
8/25/2017 09:34,51.54,2181,68.45,182,11.7
8/25/2017 09:35,49.4,1939,102,195,11.07
8/25/2017 09:36,53.2,2148,83.98,226,12.82
8/25/2017 09:37,35.25,1822,88.76,229,10
8/25/2017 09:38,42.76,1725,68.18,175,10.15
8/25/2017 09:39,59.38,1831,82.66,191,11.25
8/25/2017 09:40,52.71,1890,88.96,186,11.75
8/25/2017 09:41,40.61,1972,103,221,11.14
8/25/2017 09:42,41,1706,91.04,203,10.41
8/25/2017 09:43,52.5,2303,85.43,230,13.21
8/25/2017 09:44,48.83,1844,71.5,171,10.13
8/25/2017 09:45,38.33,1577,105,193,9.27
8/25/2017 09:46,44.83,2062,81.27,118,11.08
8/25/2017 09:47,39.15,2133,69.09,124,11.78
8/25/2017 09:48,35,1797,65.23,170,10.66
8/25/2017 09:49,46.16,1680,62.22,119,9.23
8/25/2017 09:50,49.66,1727,93.11,145,10.19
8/25/2017 09:51,42.5,2013,92.22,178,11.52
8/25/2017 09:52,49.16,1811,79.67,159,10.55
8/25/2017 09:53,35.5,1850,72.98,120,9.57
8/25/2017 09:54,46.5,2023,91.98,178,11.83
8/25/2017 09:55,43.83,2095,111,178,11.73
8/25/2017 09:56,45.66,2057,96.2,189,12.02
8/25/2017 09:57,42.33,1864,90.57,187,10.61
8/25/2017 09:58,31.83,1718,76.43,182,9.91
8/25/2017 09:59,38.65,1615,83.94,182,9.71
8/25/2017 10:00,60.26,1764,138,345,12.75
8/25/2017 10:01,48.15,2141,91.81,303,13.17
8/25/2017 10:02,60.68,1895,99.76,194,10.71
8/25/2017 10:03,52.42,2001,96.4,210,13.23
8/25/2017 10:04,58.03,1877,90.5,142,10.93
8/25/2017 10:05,43.2,1741,76.45,166,10.09
8/25/2017 10:06,41.51,2282,92.85,190,13.24
8/25/2017 10:07,53.93,2115,90.07,203,11.88
8/25/2017 10:08,67.66,1930,77.67,188,10.89
8/25/2017 10:09,56.16,2154,93.39,201,12.18
8/25/2017 10:10,80.81,2506,86.15,209,13.83
8/25/2017 10:11,66.9,2476,100,216,14.24
8/25/2017 10:12,56.18,2219,90.31,202,13.12
8/25/2017 10:13,55.03,2040,86.55,241,12.23
8/25/2017 10:14,54.7,2546,106,157,14.12
8/25/2017 10:15,43.23,2480,78.58,207,14.8
8/25/2017 10:16,42.76,2383,94.09,178,13.54
8/25/2017 10:17,46.23,2635,88.34,189,14.62
8/25/2017 10:18,37.9,2600,71.16,165,14.74
8/25/2017 10:19,41.56,2744,59.77,155,14.06
8/25/2017 10:20,53.43,2480,92.73,184,13.35
8/25/2017 10:21,75.4,2674,90.49,208,14.78
8/25/2017 10:22,57.93,2530,75.39,190,14.23
8/25/2017 10:23,47.03,2567,103,198,14.57
8/25/2017 10:24,47.76,2662,86.94,193,14.99
8/25/2017 10:25,53.9,2635,94.54,208,13.65
8/25/2017 10:26,55.86,2560,96.5,214,14.14
8/25/2017 10:27,50.96,2373,82.21,210,13.75
8/25/2017 10:28,52.86,1858,72.94,205,11.21
8/25/2017 10:29,40.63,1652,82.78,198,10.03
8/25/2017 10:30,69.86,2309,99.57,214,14.02
8/25/2017 10:31,51.53,2340,77.8,230,14.2
8/25/2017 10:32,54.66,2113,80.22,164,12.55
8/25/2017 10:33,42.61,2150,103,208,12.14
8/25/2017 10:34,50.46,2233,98.28,242,13.18
8/25/2017 10:35,53.33,2075,86.08,217,12.05
8/25/2017 10:36,58.83,2361,108,206,13.58
8/25/2017 10:37,42.84,2551,75.22,192,14.32
8/25/2017 10:38,51.65,2616,80.58,216,14.25
8/25/2017 10:39,60,2205,73.86,171,12.3
8/25/2017 10:40,60.08,2302,102,165,12.6
8/25/2017 10:41,45.13,2584,119,157,14.13
8/25/2017 10:42,48.83,2687,106,168,14.55
8/25/2017 10:43,43.98,2259,64.43,151,12.57
8/25/2017 10:44,38.71,2746,65.77,120,14.43
8/25/2017 10:45,53.68,2784,63.71,148,14.78
8/25/2017 10:46,46.84,2748,93.1,166,14.43
8/25/2017 10:47,49.96,2525,92.88,167,13.16
8/25/2017 10:48,52.51,2443,76.76,163,13.5
8/25/2017 10:49,50.66,2571,85.36,151,12.86
8/25/2017 10:50,59.11,2658,68.54,143,13.82
8/25/2017 10:51,61,2515,111,195,14.16
8/25/2017 10:52,44.86,2297,98.35,131,12.08
8/25/2017 10:53,55.2,2481,94.39,170,13.22
8/25/2017 10:54,54.73,2431,85.67,166,14.09
8/25/2017 10:55,42.5,2302,70.75,185,12.61
8/25/2017 10:56,56.66,2248,102,160,12.09
8/25/2017 10:57,42.98,2054,97.21,192,11.72
8/25/2017 10:58,52.59,2182,85.71,159,11.83
8/25/2017 10:59,55.26,2137,73.98,197,11.75
8/25/2017 11:00,82.93,2249,84.3,178,12.81
8/25/2017 11:01,57.03,2659,108,196,15.8
8/25/2017 11:02,43.76,2262,90.29,173,12.52
8/25/2017 11:03,51.2,2421,79.59,138,13.78
8/25/2017 11:04,44.59,2379,57.38,142,12.32
8/25/2017 11:05,52.56,2203,93.19,178,12.13
8/25/2017 11:06,57.98,1850,122,194,10.66
8/25/2017 11:07,43.75,1691,103,181,10.31
8/25/2017 11:08,51.66,1638,96.1,197,9.9
8/25/2017 11:09,42,1597,89.8,172,10.02
8/25/2017 11:10,45.58,1412,79.19,147,8.02
8/25/2017 11:11,38.83,1516,101,185,8.94
8/25/2017 11:12,56.91,1524,98.74,160,9.16
8/25/2017 11:13,43.66,1576,83.8,170,8.66
8/25/2017 11:14,55.33,1862,95.43,180,10.7
8/25/2017 11:15,44.25,1857,90.57,178,10.71
8/25/2017 11:16,43,2206,129,200,12.17
8/25/2017 11:17,60,2459,112,198,13.34
8/25/2017 11:18,52.41,2279,109,233,13.26
8/25/2017 11:19,45.66,2211,102,213,12.35
8/25/2017 11:20,91.08,2015,119,198,11.33
8/25/2017 11:21,82.08,2227,139,193,12.39
8/25/2017 11:22,74.9,2479,110,219,14.67
8/25/2017 11:23,63,1846,111,183,10.22
8/25/2017 11:24,56.7,2118,115,167,11.82
8/25/2017 11:25,48.73,1621,121,219,9.93
8/25/2017 11:26,49.26,1792,121,216,10.08
8/25/2017 11:27,51.03,2014,134,176,10.67
8/25/2017 11:28,45.2,2111,99.6,188,11.62
8/25/2017 11:29,44.43,2268,112,159,11.84
8/25/2017 11:30,74.37,2776,115,188,14.73
8/25/2017 11:31,63.59,2583,110,192,14.26
8/25/2017 11:32,45.26,1967,111,223,10.87
8/25/2017 11:33,52,2011,101,242,11.76
8/25/2017 11:34,55.73,2310,106,193,12.93
8/25/2017 11:35,52.46,2075,92.61,194,11.65
8/25/2017 11:36,39.76,1834,98.85,211,10.62
8/25/2017 11:37,52.93,1982,129,248,11.66
8/25/2017 11:38,53.83,2152,110,199,11.44
8/25/2017 11:39,42.53,1981,100,224,11.74
8/25/2017 11:40,49.61,1803,110,198,9.88
8/25/2017 11:41,56.79,1680,103,188,9.26
8/25/2017 11:42,80.38,2150,103,231,12.44
8/25/2017 11:43,54.48,1809,106,200,9.98
8/25/2017 11:44,52.43,1683,92.09,166,8.86
8/25/2017 11:45,53.48,1554,101,186,8.72
8/25/2017 11:46,55.61,1975,142,218,10.91
8/25/2017 11:47,56.86,1899,154,222,10.17
8/25/2017 11:48,55.95,1836,126,226,10.57
8/25/2017 11:49,57.4,2086,101,208,11.32
8/25/2017 11:50,75.69,2062,137,242,11.63
8/25/2017 11:51,71.95,2060,155,238,11.42
8/25/2017 11:52,66.53,1784,110,214,10.23
8/25/2017 11:53,59.76,1710,100,157,9.71
8/25/2017 11:54,57.53,1740,80.78,163,10.65
8/25/2017 11:55,63.7,1978,97.14,188,10.72
8/25/2017 11:56,73.19,2263,115,192,12.2
8/25/2017 11:57,53.26,2132,102,200,12.18
8/25/2017 11:58,53.93,2174,86.59,204,11.87
8/25/2017 11:59,48.5,2297,104,220,13.01
8/25/2017 12:00,53.63,1735,95.82,206,10.32
8/25/2017 12:01,44.16,2181,94.42,242,13.66
8/25/2017 12:02,48.13,2488,114,255,14.93
8/25/2017 12:03,48.58,2283,106,218,13.23
8/25/2017 12:04,65.65,1935,113,170,10.63
8/25/2017 12:05,72.05,2007,89.94,182,11.38
8/25/2017 12:06,48.5,2132,111,168,11.58
8/25/2017 12:07,51.08,2007,105,200,11.45
8/25/2017 12:08,43.48,2440,74.95,159,12.58
8/25/2017 12:09,40.9,2194,81.72,199,12.7
8/25/2017 12:10,81.61,2096,69.43,167,12.13
8/25/2017 12:11,57.33,2284,90.59,195,13.12
8/25/2017 12:12,38.4,2012,88.98,195,12.06
8/25/2017 12:13,49.59,2038,95.75,181,11.52
8/25/2017 12:14,50.11,2164,104,166,11.98
8/25/2017 12:15,46.75,2018,94.13,163,11.87
8/25/2017 12:16,50.04,2020,101,198,11
8/25/2017 12:17,79,2216,114,225,13.29
8/25/2017 12:18,74.73,2173,106,234,13.26
8/25/2017 12:19,51.16,1820,100,194,10.7
8/25/2017 12:20,70.66,1902,91.33,177,10.89
8/25/2017 12:21,57.66,1700,95.35,198,10.44
8/25/2017 12:22,52.33,2135,117,192,11.74
8/25/2017 12:23,62.33,2326,111,178,12.69
8/25/2017 12:24,51.83,2107,93.74,231,13.52
8/25/2017 12:25,51.5,2192,84.57,185,12.09
8/25/2017 12:26,59.5,2197,116,199,12.62
8/25/2017 12:27,52.83,2329,129,233,12.96
8/25/2017 12:28,63.83,2198,115,237,12.43
8/25/2017 12:29,63,1780,78.06,221,10.7
8/25/2017 12:30,69.66,1543,93.75,164,8.96
8/25/2017 12:31,50,1479,104,189,9.17
8/25/2017 12:32,59,1619,128,196,8.74
8/25/2017 12:33,81,1574,92.09,207,10.5
8/25/2017 12:34,44.81,1476,101,223,8.65
8/25/2017 12:35,54.2,1668,97.09,224,9.81
8/25/2017 12:36,49.25,1452,78.62,189,9.19
8/25/2017 12:37,50.25,1335,124,203,8.11
8/25/2017 12:38,52.16,1384,100,184,8.4
8/25/2017 12:39,47.04,1713,82.33,184,9.86
8/25/2017 12:40,78.5,1812,127,203,9.92
8/25/2017 12:41,57.79,1734,93.8,193,10.34
8/25/2017 12:42,64.51,1558,116,220,9.47
8/25/2017 12:43,53.64,1554,103,224,8.19
8/25/2017 12:44,70.19,1724,105,232,9.92
8/25/2017 12:45,78.58,1637,75.55,237,10.02
8/25/2017 12:46,74.69,1733,118,261,10.13
8/25/2017 12:47,77.78,1887,129,304,11.22
8/25/2017 12:48,68.76,1855,112,218,10.42
8/25/2017 12:49,57,2044,122,253,11.46
8/25/2017 12:50,80.03,1520,101,237,9.31
8/25/2017 12:51,59.4,1881,112,216,11.45
8/25/2017 12:52,59.4,1443,101,203,8.74
8/25/2017 12:53,46.16,1663,95.29,219,9.48
8/25/2017 12:54,45.09,1701,100,216,9.52
8/25/2017 12:55,41.43,1622,80.88,172,9.02
8/25/2017 12:56,47.4,1903,94.42,248,11.05
8/25/2017 12:57,43.86,1658,90.03,183,9.71
8/25/2017 12:58,64.56,1495,89.71,191,8.18
8/25/2017 12:59,66.83,1726,101,218,10.19
8/25/2017 13:00,59.06,1946,97.46,242,12.25
8/25/2017 13:01,50.56,1900,112,235,11.64
8/25/2017 13:02,44.36,1914,76.58,218,11.06
8/25/2017 13:03,49.83,2030,85.59,208,11.74
8/25/2017 13:04,60.34,2035,84.29,218,11.65
8/25/2017 13:05,60.79,2070,83.39,219,12.14
8/25/2017 13:06,61.01,1939,119,240,11.79
8/25/2017 13:07,71.95,2009,119,203,12.01
8/25/2017 13:08,62.93,1839,92.86,239,11.13
8/25/2017 13:09,49.76,1813,86.2,210,10.83
8/25/2017 13:10,58,1607,90.07,209,9.43
8/25/2017 13:11,66.95,1797,93.51,228,11.25
8/25/2017 13:12,65.15,1820,97.79,246,11.43
8/25/2017 13:13,60.68,2017,96.11,241,11.51
8/25/2017 13:14,70.16,2113,106,299,12.15
8/25/2017 13:15,66.45,2148,86.52,217,12.82
8/25/2017 13:16,59.09,1967,101,203,11.48
8/25/2017 13:17,55.73,1839,137,196,10.53
8/25/2017 13:18,58.7,1808,111,174,10.53
8/25/2017 13:19,57.2,1776,108,220,11.09
8/25/2017 13:20,73.19,1656,128,227,10.05
8/25/2017 13:21,69,1843,122,199,11.13
8/25/2017 13:22,67,2308,106,204,12.22
8/25/2017 13:23,53.4,2599,90.15,298,13.35
8/25/2017 13:24,66.95,2130,86.59,267,13.03
8/25/2017 13:25,50.96,1979,73.41,213,11.51
8/25/2017 13:26,51.06,2044,66.34,213,11.38
8/25/2017 13:27,65.13,1760,106,270,10.64
8/25/2017 13:28,59.11,1847,93.41,250,10.32
8/25/2017 13:29,57.41,1927,100,259,11.4
8/25/2017 13:30,84.91,1697,93.8,242,11.05
8/25/2017 13:31,63.33,1940,98.08,278,11.12
8/25/2017 13:32,55.08,1781,118,188,10.68
8/25/2017 13:33,46.08,1479,89.39,197,9.02
8/25/2017 13:34,48.91,1918,85.73,140,9.92
8/25/2017 13:35,60.41,1802,95.65,204,10.7
8/25/2017 13:36,59.16,1962,100,213,11.37
8/25/2017 13:37,53.75,1786,99.29,167,10.17
8/25/2017 13:38,59.58,1806,92.28,197,10.41
8/25/2017 13:39,51.5,1309,70.8,163,8.68
8/25/2017 13:40,63.41,1325,83.32,218,8.36
8/25/2017 13:41,59.58,1482,86.63,196,8.4
8/25/2017 13:42,52.15,1531,94.62,177,9.3
8/25/2017 13:43,43.73,1360,85.57,164,7.42
8/25/2017 13:44,45.9,1444,79.45,172,8.15
8/25/2017 13:45,47.46,1147,93.16,141,7.49
8/25/2017 13:46,49.86,1320,91.17,187,7.85
8/25/2017 13:47,52.76,1411,129,198,8.52
8/25/2017 13:48,54.13,1564,92.83,211,9.24
8/25/2017 13:49,54.79,1247,86.09,175,7.52
8/25/2017 13:50,50.06,1256,73.39,229,8.02
8/25/2017 13:51,49.79,1315,100,207,8.34
8/25/2017 13:52,47.4,1433,124,224,9.46
8/25/2017 13:53,40.63,1765,107,192,10.4
8/25/2017 13:54,36.59,1838,72.4,177,10.83
8/25/2017 13:55,37.2,1936,84.85,181,10.72
8/25/2017 13:56,44.2,1933,92.73,196,10.73
8/25/2017 13:57,65.8,2155,101,227,13.34
8/25/2017 13:58,40.34,2193,99.26,205,12.5
8/25/2017 13:59,52.59,2475,96.69,198,13.21
8/25/2017 14:00,70.05,2144,76.94,214,13.16
8/25/2017 14:01,56.78,2100,88.08,255,12.43
8/25/2017 14:02,55.84,1890,119,220,11.44
8/25/2017 14:03,46.29,1903,87.89,175,10.9
8/25/2017 14:04,56.09,2237,105,219,12.97
8/25/2017 14:05,48.71,2211,105,247,13.08
8/25/2017 14:06,48.47,1892,89.32,323,12.28
8/25/2017 14:07,50.68,1700,104,238,10.95
8/25/2017 14:08,64.69,1852,117,229,11.2
8/25/2017 14:09,59.7,1914,89.05,239,11.24
8/25/2017 14:10,59.61,1920,110,223,11.47
8/25/2017 14:11,62.54,1966,94.15,218,11.33
8/25/2017 14:12,62.43,1618,97.16,246,10.36
8/25/2017 14:13,53.86,1546,77.3,229,9.63
8/25/2017 14:14,52.46,1656,130,278,10.99
8/25/2017 14:15,51.93,1585,99.09,250,9.74
8/25/2017 14:16,46.4,1541,95.59,194,9.19
8/25/2017 14:17,47.13,2345,109,240,13.61
8/25/2017 14:18,58.76,2688,111,253,14.58
8/25/2017 14:19,61.37,2737,123,245,14.94
8/25/2017 14:20,79.16,2330,103,185,13.3
8/25/2017 14:21,58,2425,90.18,238,14.7
8/25/2017 14:22,45.96,2480,118,246,13.89
8/25/2017 14:23,49.53,2618,131,214,13.22
8/25/2017 14:24,87.86,2474,120,255,14.26
8/25/2017 14:25,62.66,2391,114,218,13.63
8/25/2017 14:26,53.56,2425,131,288,14.34
8/25/2017 14:27,73.2,2548,137,283,15.65
8/25/2017 14:28,57.03,2471,108,259,13.51
8/25/2017 14:29,52.25,2239,140,270,13.17
8/25/2017 14:30,73.55,2117,134,254,13.41
8/25/2017 14:31,59.58,1785,111,260,10.96
8/25/2017 14:32,54.98,1904,114,253,11.07
8/25/2017 14:33,57.38,1763,107,256,10.66
8/25/2017 14:34,58.96,2210,98.26,234,11.7
8/25/2017 14:35,67.34,2313,128,218,12.11
8/25/2017 14:36,69.63,2240,100,246,12.51
8/25/2017 14:37,72.03,1954,109,298,11.82
8/25/2017 14:38,51.73,1961,102,209,11.25
8/25/2017 14:39,50,1992,92.73,230,11.58
8/25/2017 14:40,77.83,1715,99.58,220,9.86
8/25/2017 14:41,59.16,1715,104,233,10.18
8/25/2017 14:42,58.33,1862,115,230,11.46
8/25/2017 14:43,57.16,1637,89.77,236,8.93
8/25/2017 14:44,57.33,1752,114,216,10.45
8/25/2017 14:45,50,1624,108,194,9.09
8/25/2017 14:46,57.5,2127,100,253,12.04
8/25/2017 14:47,49.66,1694,110,180,8.85
8/25/2017 14:48,56.5,1741,117,192,9.83
8/25/2017 14:49,60.16,2101,101,261,11.98
8/25/2017 14:50,73.16,1508,83.63,196,8.06
8/25/2017 14:51,68.5,1746,106,235,10.49
8/25/2017 14:52,83.66,1821,118,284,10.5
8/25/2017 14:53,54,1790,108,250,9.92
8/25/2017 14:54,58.26,1818,125,224,10.47
8/25/2017 14:55,63.11,1682,108,206,9.9
8/25/2017 14:56,62.15,1912,115,293,12.23
8/25/2017 14:57,62.9,1869,122,291,11.6
8/25/2017 14:58,63.18,1458,127,299,10.05
8/25/2017 14:59,53.33,1374,104,165,7.9
8/25/2017 15:00,73.58,1280,104,224,8.74
8/25/2017 15:01,61.41,1423,109,218,8.44
8/25/2017 15:02,54.15,1667,133,239,10.44
8/25/2017 15:03,70.33,1575,112,233,9.75
8/25/2017 15:04,57.2,1284,93.76,210,7.52
8/25/2017 15:05,58.48,1161,99.74,208,7.58
8/25/2017 15:06,54.33,1205,111,214,7.91
8/25/2017 15:07,61.83,1245,106,239,7.87
8/25/2017 15:08,54.26,1263,116,258,8.01
8/25/2017 15:09,51.7,1372,103,233,8.47
8/25/2017 15:10,50.73,1037,127,212,6.71
8/25/2017 15:11,53.73,1046,129,237,6.88
8/25/2017 15:12,49.35,1260,131,304,9.35
8/25/2017 15:13,56.56,1788,137,313,11.4
8/25/2017 15:14,62.23,1628,148,260,9.66
8/25/2017 15:15,59.4,1444,138,247,9.25
8/25/2017 15:16,46.9,1277,130,238,7.79
8/25/2017 15:17,46.76,1140,100,216,7.41
8/25/2017 15:18,53.06,1583,131,268,9.76
8/25/2017 15:19,48.45,1423,121,260,9.15
8/25/2017 15:20,67.03,1518,111,231,9.25
8/25/2017 15:21,49.91,1674,103,202,9.63
8/25/2017 15:22,46.16,1809,116,277,10.38
8/25/2017 15:23,46.56,1590,113,272,9.6
8/25/2017 15:24,62.48,1824,132,347,11.52
8/25/2017 15:25,57.79,1515,95.34,241,9.55
8/25/2017 15:26,53.31,1424,80.98,242,8.71
8/25/2017 15:27,44.88,1678,124,276,10.14
8/25/2017 15:28,36.53,1813,126,271,11.08
8/25/2017 15:29,53.11,1724,113,256,9.57
8/25/2017 15:30,62.45,1696,107,252,10.32
8/25/2017 15:31,54.09,1492,68.68,276,9.16
8/25/2017 15:32,43.03,1211,99.07,267,7.58
8/25/2017 15:33,48.63,1408,104,280,8.97
8/25/2017 15:34,44.51,1662,110,243,9.36
8/25/2017 15:35,51.23,1450,97.76,260,9.09
8/25/2017 15:36,42.36,1557,86.7,250,9.52
8/25/2017 15:37,56.26,1843,112,276,10.71
8/25/2017 15:38,70.13,2064,138,284,11.58
8/25/2017 15:39,61.36,1640,110,281,9.86
8/25/2017 15:40,68.56,1606,105,292,9.84
8/25/2017 15:41,73.09,1683,109,295,10.38
8/25/2017 15:42,52.43,1603,103,317,10.38
8/25/2017 15:43,50.23,1744,98.76,321,11.26
8/25/2017 15:44,51.26,1492,109,271,8.86
8/25/2017 15:45,55.33,1676,90.81,262,10.17
8/25/2017 15:46,59.9,1554,98.66,297,10.19
8/25/2017 15:47,64.59,1461,107,280,8.52
8/25/2017 15:48,57.84,1577,124,272,9.99
8/25/2017 15:49,43.5,1478,95.6,235,8.43
8/25/2017 15:50,70.91,1854,98.18,310,10.8
8/25/2017 15:51,67.25,2036,141,347,12.39
8/25/2017 15:52,74.33,2004,120,311,11.79
8/25/2017 15:53,62.08,1801,108,281,10.54
8/25/2017 15:54,65.83,2425,103,274,14.86
8/25/2017 15:55,52.91,2101,116,333,12.61
8/25/2017 15:56,57.91,2204,133,353,13.3
8/25/2017 15:57,72.25,2110,122,333,12.41
8/25/2017 15:58,55.91,2236,116,301,12.81
8/25/2017 15:59,62.66,2321,108,287,12.38
8/25/2017 16:00,94.75,2114,119,320,12.76
8/25/2017 16:01,70.43,2278,121,331,13.17
8/25/2017 16:02,66.3,2843,121,311,15.16
8/25/2017 16:03,68.69,2668,126,273,15.11
8/25/2017 16:04,48.79,2489,99.1,231,13.79
8/25/2017 16:05,43.09,2480,105,247,14.17
8/25/2017 16:06,45.53,2391,92.31,238,13.51
8/25/2017 16:07,57,2606,118,278,14.49
8/25/2017 16:08,64.33,2752,107,271,14.73
8/25/2017 16:09,58.16,2610,121,245,14.26
8/25/2017 16:10,75.8,2750,101,267,15.33
8/25/2017 16:11,61.13,3257,100,259,17.78
8/25/2017 16:12,53.76,3254,96.21,286,18.61
8/25/2017 16:13,53.66,3105,87.6,293,17.16
8/25/2017 16:14,59.33,2902,125,311,15.74
8/25/2017 16:15,61.66,2847,124,299,16.32
8/25/2017 16:16,82.09,2940,120,281,15.75
8/25/2017 16:17,55.96,2796,125,291,15.07
8/25/2017 16:18,58,3123,104,273,17.47
8/25/2017 16:19,54.2,3119,113,295,16.95
8/25/2017 16:20,69.59,2774,122,260,15.44
8/25/2017 16:21,57.03,2838,99.37,279,16.79
8/25/2017 16:22,55.08,2644,124,328,14.79
8/25/2017 16:23,62.01,2482,112,276,14.09
8/25/2017 16:24,58.08,2665,93.35,377,15.6
8/25/2017 16:25,63.93,1975,105,314,12.09
8/25/2017 16:26,51.4,1959,119,286,11.88
8/25/2017 16:27,56.73,2058,108,281,12.16
8/25/2017 16:28,62.56,1971,124,294,12.77
8/25/2017 16:29,51.95,2311,130,311,13.11
8/25/2017 16:30,86.65,1876,105,303,11.74
8/25/2017 16:31,63.93,2130,92.87,275,12.64
8/25/2017 16:32,47.36,2307,125,282,12.61
8/25/2017 16:33,59.59,2436,132,356,14.62
8/25/2017 16:34,63.33,2307,106,336,13.8
8/25/2017 16:35,69.66,2044,136,339,12.67
8/25/2017 16:36,62.66,2189,135,332,12.68
8/25/2017 16:37,63.96,2289,144,355,13.05
8/25/2017 16:38,70.53,2431,136,361,13.56
8/25/2017 16:39,98.46,2253,131,368,13.78
8/25/2017 16:40,79.56,2336,142,317,14.28
8/25/2017 16:41,68.13,2638,128,309,14.66
8/25/2017 16:42,51.33,2117,113,281,12.06
8/25/2017 16:43,77.36,2539,120,262,14
8/25/2017 16:44,81.11,2541,140,325,14.63
8/25/2017 16:45,78.11,2197,126,286,11.99
8/25/2017 16:46,65.76,2218,122,293,12.1
8/25/2017 16:47,74.88,2236,143,369,12.46
8/25/2017 16:48,92.03,2040,145,329,12.18
8/25/2017 16:49,70.38,2289,152,353,13.95
8/25/2017 16:50,81.56,2676,172,345,14.73
8/25/2017 16:51,83.38,2194,154,337,12.79
8/25/2017 16:52,57.79,2313,157,350,13.16
8/25/2017 16:53,63.66,2335,139,331,13.28
8/25/2017 16:54,68.28,1911,130,338,11.12
8/25/2017 16:55,62.16,2072,151,318,11.32
8/25/2017 16:56,68,2146,144,276,11.31
8/25/2017 16:57,68.5,2583,157,388,14.56
8/25/2017 16:58,74.16,1996,157,308,11
8/25/2017 16:59,67.33,2312,136,310,11.98
8/25/2017 17:00,74.33,1967,124,283,11.37
8/25/2017 17:01,64,2246,139,335,11.91
8/25/2017 17:02,76.16,1731,119,317,9.46
8/25/2017 17:03,67,2274,107,303,12.64
8/25/2017 17:04,76.66,2446,127,295,12.94
8/25/2017 17:05,71.66,2462,132,333,13.58
8/25/2017 17:06,59.66,2185,120,310,12.7
8/25/2017 17:07,60.83,2252,155,315,12.26
8/25/2017 17:08,71.83,2268,140,316,11.97
8/25/2017 17:09,69.25,2495,161,343,14.42
8/25/2017 17:10,78.11,2322,146,316,12.93
8/25/2017 17:11,72.75,2392,131,309,13.27
8/25/2017 17:12,67.86,2368,120,342,13.65
8/25/2017 17:13,76.83,2264,159,360,12.65
8/25/2017 17:14,80.44,2283,129,337,12.92
8/25/2017 17:15,57.45,2333,136,300,12.54
8/25/2017 17:16,69.86,2269,139,288,12.46
8/25/2017 17:17,75.43,2655,125,397,15.47
8/25/2017 17:18,66,2110,137,346,12.09
8/25/2017 17:19,69.48,2127,151,380,11.46
8/25/2017 17:20,79.9,1834,144,328,10.53
8/25/2017 17:21,67.03,2009,128,383,12.35
8/25/2017 17:22,84.5,1891,162,425,10.75
8/25/2017 17:23,91.19,1711,182,360,10.02
8/25/2017 17:24,75.73,1777,161,339,9.44
8/25/2017 17:25,74.13,1986,139,335,10.8
8/25/2017 17:26,69.43,2206,146,348,12.33
8/25/2017 17:27,65.3,2084,139,315,11.79
8/25/2017 17:28,59,2234,149,378,13.74
8/25/2017 17:29,68.56,2096,132,344,12.06
8/25/2017 17:30,99.5,2055,131,350,12.89
8/25/2017 17:31,84.3,2042,162,333,11.6
8/25/2017 17:32,100,2380,181,376,13.59
8/25/2017 17:33,72.95,2435,165,408,13.64
8/25/2017 17:34,74.56,2375,161,404,14.02
8/25/2017 17:35,78.66,2291,132,384,12.98
8/25/2017 17:36,70.9,1991,141,306,11.4
8/25/2017 17:37,88.68,2223,147,358,11.9
8/25/2017 17:38,83.5,2057,150,336,10.83
8/25/2017 17:39,98.73,2206,146,320,13.03
8/25/2017 17:40,106,1827,156,297,10.63
8/25/2017 17:41,109,2040,158,341,10.39
8/25/2017 17:42,107,1920,170,314,10.57
8/25/2017 17:43,101,1808,147,285,10.19
8/25/2017 17:44,101,2043,142,344,12.36
8/25/2017 17:45,120,2208,144,385,12.36
8/25/2017 17:46,108,2102,124,344,11.77
8/25/2017 17:47,89.43,1717,137,342,10.78
8/25/2017 17:48,77.16,1786,134,292,10.47
8/25/2017 17:49,99.76,1683,120,238,9.33
8/25/2017 17:50,83.86,1628,120,295,10.26
8/25/2017 17:51,92.5,1939,138,312,11.29
8/25/2017 17:52,80.25,1837,119,272,10.06
8/25/2017 17:53,92.83,1808,139,268,10.45
8/25/2017 17:54,121,2308,144,316,13.1
8/25/2017 17:55,107,1977,132,308,11.78
8/25/2017 17:56,93.58,2038,159,311,10.59
8/25/2017 17:57,115,2188,148,367,12.65
8/25/2017 17:58,101,2297,136,391,13.49
8/25/2017 17:59,97.66,2206,141,376,12.59
8/25/2017 18:00,95.46,2245,139,362,12.65
8/25/2017 18:01,83.76,2506,152,351,14.65
8/25/2017 18:02,83.63,1831,129,379,10.58
8/25/2017 18:03,66.66,1744,121,293,10.59
8/25/2017 18:04,55.29,1792,118,309,10.9
8/25/2017 18:05,60.9,2033,131,301,10.79
8/25/2017 18:06,62.56,2232,140,350,12.33
8/25/2017 18:07,74.3,2369,117,354,12.7
8/25/2017 18:08,71.69,2090,116,362,11.41
8/25/2017 18:09,61.4,1987,128,309,11.28
8/25/2017 18:10,56.93,2172,136,343,11.92
8/25/2017 18:11,58.56,2196,124,346,13.54
8/25/2017 18:12,87.41,2191,151,347,12.87
8/25/2017 18:13,65.31,2112,135,335,12.13
8/25/2017 18:14,70.01,2288,144,360,14
8/25/2017 18:15,62.91,2200,141,353,12.52
8/25/2017 18:16,78,2710,177,421,15.31
8/25/2017 18:17,105,2436,154,424,14.44
8/25/2017 18:18,72.41,2415,151,295,14
8/25/2017 18:19,61.65,2611,175,285,14.57
8/25/2017 18:20,77.5,2434,176,251,13.62
8/25/2017 18:21,68.3,2388,157,270,13.11
8/25/2017 18:22,66.3,2515,142,276,14.09
8/25/2017 18:23,71.19,3546,159,319,18.96
8/25/2017 18:24,96.01,3135,137,305,16.8
8/25/2017 18:25,70.36,2794,121,276,15.22
8/25/2017 18:26,93.93,3440,131,258,18.05
8/25/2017 18:27,69.42,3570,133,240,18.77
8/25/2017 18:28,68.19,3363,143,269,17.8
8/25/2017 18:29,56.06,2591,134,329,14.5
8/25/2017 18:30,109,2970,121,334,16.55
8/25/2017 18:31,89.86,2917,105,304,15.93
8/25/2017 18:32,76.26,3205,133,332,17.07
8/25/2017 18:33,74.09,3313,141,347,17.89
8/25/2017 18:34,74,2970,133,327,16.23
8/25/2017 18:35,78.45,3491,148,388,18.37
8/25/2017 18:36,73.36,2727,135,289,14.67
8/25/2017 18:37,72.84,2901,133,318,15.64
8/25/2017 18:38,75.2,2684,130,297,14.72
8/25/2017 18:39,79.48,2502,149,295,14.11
8/25/2017 18:40,89.55,3258,123,294,17.67
8/25/2017 18:41,78.5,2748,127,291,15.62
8/25/2017 18:42,79.5,2979,143,301,16.39
8/25/2017 18:43,80.59,3015,167,310,16.28
8/25/2017 18:44,79.83,2979,142,330,15.92
8/25/2017 18:45,83.43,3393,141,416,19
8/25/2017 18:46,65.76,3377,117,271,18.18
8/25/2017 18:47,84.88,3804,119,243,19.92
8/25/2017 18:48,70.45,3791,136,273,20.98
8/25/2017 18:49,66.59,3556,145,350,20.1
8/25/2017 18:50,86.66,3333,142,297,20.46
8/25/2017 18:51,77.33,3013,129,283,16.66
8/25/2017 18:52,61.5,2845,128,285,16.12
8/25/2017 18:53,59.66,3142,154,262,18.32
8/25/2017 18:54,55.83,3598,123,255,19.86
8/25/2017 18:55,72.33,3448,136,310,18.75
8/25/2017 18:56,68,3188,142,308,17.44
8/25/2017 18:57,69.66,2286,164,310,13.04
8/25/2017 18:58,71.16,2547,146,311,14.91
8/25/2017 18:59,63.16,2841,147,306,16.18
8/25/2017 19:00,108,2628,115,276,14.9
8/25/2017 19:01,95.66,3374,133,290,18.91
8/25/2017 19:02,61.66,3123,112,280,17.43
8/25/2017 19:03,51.33,2941,152,328,16.62
8/25/2017 19:04,73.53,2488,161,335,14.35
8/25/2017 19:05,82.94,2764,144,352,17.05
8/25/2017 19:06,70.18,2525,107,304,14.76
8/25/2017 19:07,63.93,1938,122,281,11.55
8/25/2017 19:08,56.09,2536,122,284,14.6
8/25/2017 19:09,69.62,2789,120,354,15.98
8/25/2017 19:10,94.65,2581,157,382,14.73
8/25/2017 19:11,68.03,2101,133,301,13.01
8/25/2017 19:12,81.44,2494,133,326,14.1
8/25/2017 19:13,71.53,2399,130,282,14.19
8/25/2017 19:14,66.55,2197,162,292,12.14
8/25/2017 19:15,68.55,2026,137,244,11.28
8/25/2017 19:16,64.61,1975,121,285,10.91
8/25/2017 19:17,73.13,1996,100,240,12.37
8/25/2017 19:18,64.53,1999,120,255,11.69
8/25/2017 19:19,62.2,2269,154,298,12.57
8/25/2017 19:20,77,1909,135,252,11.28
8/25/2017 19:21,66.76,1644,105,247,9.86
8/25/2017 19:22,76.13,2060,161,291,11.87
8/25/2017 19:23,58.23,2086,116,296,12.15
8/25/2017 19:24,58.73,2425,134,271,13.7
8/25/2017 19:25,70.26,2281,114,235,13.59
8/25/2017 19:26,66.53,1813,103,226,10.46
8/25/2017 19:27,74.73,1951,129,270,11.38
8/25/2017 19:28,83.69,2006,121,276,11.04
8/25/2017 19:29,90,2399,142,276,13.11
8/25/2017 19:30,78.2,2636,119,284,15.94
8/25/2017 19:31,67.5,2401,114,305,13.54
8/25/2017 19:32,73.13,2754,131,320,15.06
8/25/2017 19:33,67.03,2464,137,295,13.99
8/25/2017 19:34,64.45,2177,142,291,12.83
8/25/2017 19:35,63.21,1999,127,263,11.31
8/25/2017 19:36,66.18,2344,128,322,14.08
8/25/2017 19:37,68.78,2226,161,297,13.32
8/25/2017 19:38,70.59,1962,133,282,11.28
8/25/2017 19:39,76.58,2418,127,281,13.51
8/25/2017 19:40,86.96,2406,128,329,13.59
8/25/2017 19:41,69.61,2291,143,341,13.35
8/25/2017 19:42,82.58,2695,139,355,15.07
8/25/2017 19:43,81.23,2359,137,296,13.39
8/25/2017 19:44,61.53,2253,141,330,12.44
8/25/2017 19:45,77.03,1809,130,335,10.99
8/25/2017 19:46,76.43,2359,126,374,13.02
8/25/2017 19:47,97.37,2199,124,359,12.36
8/25/2017 19:48,89.36,1949,125,289,11.85
8/25/2017 19:49,60.7,1946,156,301,11.51
8/25/2017 19:50,82.16,2424,184,351,13.99
8/25/2017 19:51,76.59,2625,145,346,15.07
8/25/2017 19:52,80.23,2634,145,348,13.86
8/25/2017 19:53,82.15,2111,142,319,12.63
8/25/2017 19:54,71.5,2230,156,396,14.1
8/25/2017 19:55,77.41,2519,157,287,14.22
8/25/2017 19:56,72.66,2466,145,309,14.36
8/25/2017 19:57,71.33,2288,144,287,12.7
8/25/2017 19:58,73.33,2205,130,246,11.63
8/25/2017 19:59,66.75,2231,126,276,12.71
8/25/2017 20:00,95.5,2344,135,306,12.48
8/25/2017 20:01,85.66,2608,156,316,14.16
8/25/2017 20:02,65.08,2464,137,354,13.62
8/25/2017 20:03,74.5,2663,140,308,14.58
8/25/2017 20:04,82.75,2453,140,292,13.71
8/25/2017 20:05,80.48,2425,142,342,13.76
8/25/2017 20:06,89.03,3174,156,378,17.42
8/25/2017 20:07,77.23,3435,126,373,18.18
8/25/2017 20:08,79.23,3510,133,313,18.87
8/25/2017 20:09,95.26,3123,148,351,16.86
8/25/2017 20:10,98.66,3087,149,362,17.34
8/25/2017 20:11,113,2972,167,348,16.64
8/25/2017 20:12,121,3241,165,348,18.36
8/25/2017 20:13,90.59,3086,138,317,16.91
8/25/2017 20:14,81.93,3048,164,341,15.75
8/25/2017 20:15,93.76,3293,194,388,17.67
8/25/2017 20:16,81.48,3339,183,356,18.57
8/25/2017 20:17,72.41,2914,156,350,16.25
8/25/2017 20:18,79.19,2840,142,353,15.92
8/25/2017 20:19,68.25,2665,136,306,14.8
8/25/2017 20:20,91.66,2792,214,341,14.6
8/25/2017 20:21,77.06,2417,131,276,13.2
8/25/2017 20:22,77.78,2546,131,316,14.32
8/25/2017 20:23,73.69,2844,140,259,14.44
8/25/2017 20:24,78.26,2700,114,276,15.39
8/25/2017 20:25,72.95,2405,132,274,13.54
8/25/2017 20:26,68.93,2554,167,322,13.92
8/25/2017 20:27,84.36,2753,150,329,14.65
8/25/2017 20:28,66.09,2853,157,319,15.93
8/25/2017 20:29,85.93,3486,164,334,18
8/25/2017 20:30,93.36,2994,172,341,17.66
8/25/2017 20:31,79.26,3038,134,276,16.55
8/25/2017 20:32,64.3,2815,139,323,16.42
8/25/2017 20:33,75.4,2889,139,283,15.72
8/25/2017 20:34,73.66,3369,160,308,18.82
8/25/2017 20:35,88.59,2279,128,282,12.59
8/25/2017 20:36,67.8,2490,163,257,13.95
8/25/2017 20:37,64.5,3218,169,306,17.04
8/25/2017 20:38,72.95,2773,129,333,14.61
8/25/2017 20:39,73.76,3061,152,354,17.04
8/25/2017 20:40,141,2194,203,302,12.12
8/25/2017 20:41,127,2797,180,350,14.87
8/25/2017 20:42,120,2994,140,325,16.43
8/25/2017 20:43,91.34,2701,150,283,15.45
8/25/2017 20:44,93.43,2813,144,296,14.42
8/25/2017 20:45,81,3158,126,271,16.8
8/25/2017 20:46,81.84,3374,165,309,17.94
8/25/2017 20:47,73.59,3659,153,323,19.78
8/25/2017 20:48,71.58,3421,134,288,18.05
8/25/2017 20:49,78.73,3320,148,329,17.82
8/25/2017 20:50,105,3039,135,300,16.75
8/25/2017 20:51,79.33,3216,163,360,17.61
8/25/2017 20:52,77.66,3414,150,339,19.45
8/25/2017 20:53,74.83,3123,152,374,16.77
8/25/2017 20:54,71,3262,150,328,17.55
8/25/2017 20:55,79,3073,126,229,16.1
8/25/2017 20:56,83.33,3892,175,277,22.23
8/25/2017 20:57,82.66,3324,154,304,17.75
8/25/2017 20:58,76.5,2849,149,258,15.65
8/25/2017 20:59,75.16,2838,156,258,16.22
8/25/2017 21:00,92.33,2774,168,275,16.07
8/25/2017 21:01,81.33,3017,166,323,16.94
8/25/2017 21:02,77.11,2762,151,323,16.3
8/25/2017 21:03,77.4,2985,169,386,17.64
8/25/2017 21:04,72.67,2639,132,342,15.92
8/25/2017 21:05,86.96,2481,150,282,13.72
8/25/2017 21:06,70.66,2317,145,295,13.17
8/25/2017 21:07,77.7,2587,133,328,12.98
8/25/2017 21:08,93.51,2721,160,348,15.34
8/25/2017 21:09,82.84,2641,164,395,15.14
8/25/2017 21:10,120,2464,152,353,14.68
8/25/2017 21:11,102,2609,155,361,15.13
8/25/2017 21:12,82.53,2942,153,343,16.32
8/25/2017 21:13,70.56,2574,151,317,13.77
8/25/2017 21:14,91.78,2723,165,331,14.88
8/25/2017 21:15,89.26,2920,147,311,16.19
8/25/2017 21:16,81.86,2721,194,346,15.61
8/25/2017 21:17,93,2956,209,360,16.67
8/25/2017 21:18,98.46,2916,169,356,17.1
8/25/2017 21:19,88.64,2632,160,286,14.61
8/25/2017 21:20,99.13,2635,168,311,14.79
8/25/2017 21:21,84.9,4381,160,255,25.29
8/25/2017 21:22,85.83,3337,157,317,18.23
8/25/2017 21:23,96.9,2491,175,325,14.32
8/25/2017 21:24,117,4559,169,335,25.68
8/25/2017 21:25,105,5009,149,326,28.35
8/25/2017 21:26,94.11,3261,161,325,18.19
8/25/2017 21:27,94.36,2908,146,341,16.54
8/25/2017 21:28,80.43,2938,176,314,17.42
8/25/2017 21:29,70.88,2455,154,302,13.74
8/25/2017 21:30,101,2407,147,276,13.39
8/25/2017 21:31,72.26,2671,164,305,15.43
8/25/2017 21:32,68.78,2700,164,400,15.74
8/25/2017 21:33,84.08,2474,189,392,15.14
8/25/2017 21:34,78.9,2435,145,333,14.29
8/25/2017 21:35,70.78,2592,157,331,15.72
8/25/2017 21:36,73.55,2690,151,293,15.74
8/25/2017 21:37,98.75,3103,168,385,18.5
8/25/2017 21:38,78.16,2894,138,312,16.87
8/25/2017 21:39,87.06,4610,169,344,26.84
8/25/2017 21:40,110,4383,156,368,26.78
8/25/2017 21:41,115,4608,173,323,27.48
8/25/2017 21:42,88.56,3031,165,331,17.11
8/25/2017 21:43,89.86,3475,188,341,19.53
8/25/2017 21:44,85.73,3278,152,294,17.68
8/25/2017 21:45,90.43,2474,137,313,14.69
8/25/2017 21:46,92.83,2668,173,335,15.53
8/25/2017 21:47,104,2908,169,348,15.65
8/25/2017 21:48,84.08,2741,165,255,15.48
8/25/2017 21:49,102,2620,180,351,14.92
8/25/2017 21:50,90,2538,168,345,14.93
8/25/2017 21:51,96.57,2786,208,348,16.01
8/25/2017 21:52,118,4712,183,353,26.81
8/25/2017 21:53,116,3593,192,346,22
8/25/2017 21:54,98.33,5184,172,349,30.68
8/25/2017 21:55,78.25,2447,158,349,13.51
8/25/2017 21:56,98.66,2844,191,331,15.9
8/25/2017 21:57,87.5,4410,156,345,25.62
8/25/2017 21:58,90.25,4751,172,342,27.36
8/25/2017 21:59,91.26,3463,187,373,20.27
8/25/2017 22:00,97.76,3903,165,439,23.23
8/25/2017 22:01,80.26,4635,147,445,28.85
8/25/2017 22:02,110,3528,152,334,19.27
8/25/2017 22:03,95.26,2813,157,325,15.44
8/25/2017 22:04,89.01,3093,149,440,17.92
8/25/2017 22:05,87.19,2627,182,333,14.9
8/25/2017 22:06,86.3,2254,156,269,12.88
8/25/2017 22:07,79.43,2121,183,310,12.34
8/25/2017 22:08,95.16,2298,183,340,14.01
8/25/2017 22:09,96.9,2493,184,361,14.61
8/25/2017 22:10,93.69,2130,176,372,13.25
8/25/2017 22:11,98.05,2896,204,518,18.54
8/25/2017 22:12,94.33,3319,177,451,19.45
8/25/2017 22:13,87.94,2991,185,386,17.37
8/25/2017 22:14,89.15,2503,185,390,14.55
8/25/2017 22:15,87.98,3954,184,408,21.52
8/25/2017 22:16,97.8,3172,168,355,17.8
8/25/2017 22:17,108,4296,185,356,24.52
8/25/2017 22:18,87.28,4365,162,366,25.76
8/25/2017 22:19,101,4501,168,325,26.73
8/25/2017 22:20,115,2552,161,329,15.02
8/25/2017 22:21,116,2431,156,289,15.17
8/25/2017 22:22,102,4149,147,336,24.57
8/25/2017 22:23,100,4956,170,391,29.08
8/25/2017 22:24,94.8,4680,136,292,28.55
8/25/2017 22:25,110,4661,140,332,27.06
8/25/2017 22:26,131,3592,159,349,20.71
8/25/2017 22:27,102,2908,174,343,17.03
8/25/2017 22:28,92.33,4595,165,393,25.2
8/25/2017 22:29,106,4914,174,292,28.41
8/25/2017 22:30,114,4448,169,297,26.19
8/25/2017 22:31,117,4921,164,317,29.1
8/25/2017 22:32,136,4039,165,393,24.27
8/25/2017 22:33,114,2363,148,331,14.53
8/25/2017 22:34,88.65,2545,204,342,14.12
8/25/2017 22:35,118,4251,196,335,24.15
8/25/2017 22:36,120,4514,167,366,25.58
8/25/2017 22:37,86.15,4597,153,331,27.02
8/25/2017 22:38,93.43,4211,152,338,24.63
8/25/2017 22:39,100,4479,158,321,25.73
8/25/2017 22:40,80.9,2266,175,257,13.04
8/25/2017 22:41,84.18,3340,189,311,17.57
8/25/2017 22:42,83.23,2752,186,385,15.54
8/25/2017 22:43,99.86,2961,194,409,16.44
8/25/2017 22:44,88.83,2518,169,370,13.9
8/25/2017 22:45,86.16,2852,177,363,16.45
8/25/2017 22:46,83.33,4491,190,343,25.86
8/25/2017 22:47,95.5,4838,181,361,29.48
8/25/2017 22:48,90.33,4989,175,362,29.56
8/25/2017 22:49,102,4824,160,359,28.53
8/25/2017 22:50,114,4034,179,356,23.78
8/25/2017 22:51,105,5014,170,368,30.51
8/25/2017 22:52,105,3290,172,325,17.82
8/25/2017 22:53,104,3535,171,354,19.92
8/25/2017 22:54,93.75,3762,195,295,20.3
8/25/2017 22:55,114,5101,184,358,28.46
8/25/2017 22:56,95.27,5193,180,346,30.28
8/25/2017 22:57,115,4821,170,335,26.98
8/25/2017 22:58,103,4781,176,386,27.55
8/25/2017 22:59,102,5161,199,384,28.95
8/25/2017 23:00,135,4731,187,382,27.5
8/25/2017 23:01,117,3540,180,386,21.02
8/25/2017 23:02,87.69,2942,191,444,15.83
8/25/2017 23:03,85.93,3331,182,396,19.29
8/25/2017 23:04,100,2994,180,346,16.53
8/25/2017 23:05,68.98,2774,206,376,15.81
8/25/2017 23:06,78.06,3008,153,342,17.01
8/25/2017 23:07,85.94,3129,161,345,17.32
8/25/2017 23:08,95.59,3234,185,381,17.05
8/25/2017 23:09,89.53,2784,142,348,14.74
8/25/2017 23:10,104,2203,169,330,12.17
8/25/2017 23:11,85.43,2395,149,358,13.84
8/25/2017 23:12,83.73,2867,177,361,15.69
8/25/2017 23:13,69.68,2790,165,361,15.23
8/25/2017 23:14,106,3263,216,419,17.23
8/25/2017 23:15,98.98,2946,159,359,16.62
8/25/2017 23:16,112,3123,141,344,16.98
8/25/2017 23:17,133,2963,162,339,17.29
8/25/2017 23:18,90.53,3479,149,339,20.21
8/25/2017 23:19,96.86,4289,158,410,26.38
8/25/2017 23:20,115,4617,161,303,29.08
8/25/2017 23:21,99.93,5576,171,380,35.97
8/25/2017 23:22,98.4,5711,143,334,35.54
8/25/2017 23:23,104,3894,169,315,23.18
8/25/2017 23:24,89.4,5035,165,370,31.38
8/25/2017 23:25,94.25,3171,159,324,17.37
8/25/2017 23:26,80.91,3459,147,280,18.73
8/25/2017 23:27,87.41,5232,188,408,34.04
8/25/2017 23:28,113,4960,171,421,30.65
8/25/2017 23:29,104,4749,152,418,29.68
8/25/2017 23:30,151,3069,174,439,18.76
8/25/2017 23:31,125,3085,167,356,18.29
8/25/2017 23:32,101,3624,171,412,20.81
8/25/2017 23:33,117,4782,163,406,29.98
8/25/2017 23:34,102,4274,192,406,26.58
8/25/2017 23:35,95.36,4639,210,415,28.97
8/25/2017 23:36,117,3575,152,425,19.8
8/25/2017 23:37,88.13,2938,167,388,16.64
8/25/2017 23:38,84.76,4015,155,345,23.03
8/25/2017 23:39,102,4690,173,394,27.98
8/25/2017 23:40,149,4434,174,417,27.35
8/25/2017 23:41,150,4139,150,360,25.09
8/25/2017 23:42,113,4493,205,412,26.92
8/25/2017 23:43,108,4939,189,355,30.91
8/25/2017 23:44,114,4902,192,376,30.07
8/25/2017 23:45,146,3581,158,361,21.32
8/25/2017 23:46,108,3861,207,368,20.22
8/25/2017 23:47,88.23,4706,195,341,27.24
8/25/2017 23:48,97.53,5014,178,421,30.76
8/25/2017 23:49,97.34,5120,218,367,31.82
8/25/2017 23:50,100,4625,198,338,27.91
8/25/2017 23:51,87.33,3235,175,336,17.1
8/25/2017 23:52,94.13,3418,214,465,19.53
8/25/2017 23:53,86.03,3311,209,393,17.05
8/25/2017 23:54,117,3245,196,451,17.71
8/25/2017 23:55,110,3114,185,418,17.19
8/25/2017 23:56,114,4043,188,429,24.77
8/25/2017 23:57,97.53,2967,173,481,18.86
8/25/2017 23:58,114,2264,195,405,12.43
8/25/2017 23:59,108,2468,221,401,13.63
