시간,시스템 CPU 사용률 (%),프로세스 메모리 사용량 (MB),Current Thread 수,호출 건수,TPS,동시 사용자,ERROR 수,SQL 수,최대 TPS,프로세스 CPU사용률 (%)
8/27/2017 00:00,16.69,3064,156,2723,45.38,196,380,74483,70.19,14.9
8/27/2017 00:01,26.61,3191,156,4510,75.16,196,407,51965,97.19,26.29
8/27/2017 00:02,25.49,2529,117,4270,71.16,203,430,50394,89.4,24.67
8/27/2017 00:03,28.31,2367,111,4788,79.8,204,404,70249,96.4,26.97
8/27/2017 00:04,36.13,2853,136,5656,94.26,178,459,63545,114,35.42
8/27/2017 00:05,28.32,2493,116,4645,77.41,187,426,56118,98.4,27.2
8/27/2017 00:06,40.34,2655,125,6437,107,192,389,79995,130,39.97
8/27/2017 00:07,33.75,2315,107,5172,86.19,202,404,61653,126,32.93
8/27/2017 00:08,25.98,2253,102,4237,70.61,204,432,56119,89.4,25.52
8/27/2017 00:09,27.44,2307,107,4386,73.09,196,493,72826,85.4,26.01
8/27/2017 00:10,26.06,2711,131,4226,70.43,174,428,52812,107,25.17
8/27/2017 00:11,27.65,2154,100,4420,73.66,179,423,55002,99.19,26.96
8/27/2017 00:12,24,2198,103,3878,64.63,204,460,64972,83.4,23.19
8/27/2017 00:13,22.47,2176,102,3785,63.08,162,421,48597,75,21.65
8/27/2017 00:14,26.98,2676,131,4654,77.56,174,444,56520,86.59,26.13
8/27/2017 00:15,25.5,2390,113,4093,68.2,180,417,64114,80.4,24.89
8/27/2017 00:16,23.26,2045,94.19,3839,63.98,184,391,48244,88.19,22.4
8/27/2017 00:17,24.67,2478,118,4066,67.76,175,415,53789,81.8,23.7
8/27/2017 00:18,25.31,2492,117,4126,68.76,184,411,64649,81,24.9
8/27/2017 00:19,23.96,2109,97.03,3956,65.93,184,394,51503,77.8,23.25
8/27/2017 00:20,23.86,2682,129,3728,62.13,178,396,49954,95.4,22.8
8/27/2017 00:21,25.18,2500,117,3906,65.09,167,407,67307,76.19,24.86
8/27/2017 00:22,28.66,1871,85.18,4436,73.93,209,441,60027,93.59,27.63
8/27/2017 00:23,30.51,1978,92.63,4844,80.73,185,419,60268,101,30.17
8/27/2017 00:24,25.78,1786,82.5,4313,71.88,164,361,67007,82.59,25.01
8/27/2017 00:25,26.29,2255,106,4430,73.83,201,372,55728,85,25.1
8/27/2017 00:26,28.71,1818,84.88,4596,76.59,192,418,58294,97,27.78
8/27/2017 00:27,29.65,2086,100,4889,81.48,210,396,73047,104,28.13
8/27/2017 00:28,25.38,2203,104,4324,72.06,173,341,51980,94,24.66
8/27/2017 00:29,26.65,1976,93.36,4609,76.81,190,351,55889,88.59,26.09
8/27/2017 00:30,26.95,2306,112,4405,73.41,175,394,66437,113,25.38
8/27/2017 00:31,26.54,2019,95.5,4443,74.05,168,408,55065,85,26.04
8/27/2017 00:32,24.94,1510,69.13,4246,70.76,169,388,52446,84.19,24.13
8/27/2017 00:33,25.14,1694,81.05,4234,70.56,186,406,65835,81.8,24.02
8/27/2017 00:34,24.02,1763,84.83,4083,68.05,166,410,53034,83.4,23.06
8/27/2017 00:35,26.02,1873,89.16,4553,75.88,155,373,57710,88,24.74
8/27/2017 00:36,27.72,1783,85.5,4665,77.75,142,356,71515,94.59,26.88
8/27/2017 00:37,26.26,1675,80.83,4544,75.73,198,355,53226,94.19,25.31
8/27/2017 00:38,22.75,1812,87.16,4114,68.56,153,338,49753,80.59,21.81
8/27/2017 00:39,26.77,1909,90.16,4324,72.06,175,366,66461,86.19,26.04
8/27/2017 00:40,24.32,2048,98,4013,66.88,140,313,47016,101,23.18
8/27/2017 00:41,27.11,2005,93.5,4379,72.98,172,330,51693,87.4,26.18
8/27/2017 00:42,27.7,1950,92.33,4538,75.63,175,325,66559,104,26.65
8/27/2017 00:43,36.43,2177,104,5320,88.66,144,351,58677,109,35.53
8/27/2017 00:44,30.31,1778,82.5,4675,77.91,142,281,52781,99.8,29.72
8/27/2017 00:45,25.83,1504,70.66,4050,67.5,151,325,64531,77.59,24.69
8/27/2017 00:46,26.39,1577,74.84,4263,71.05,168,355,53537,85.4,25.4
8/27/2017 00:47,25.28,1670,80.19,4245,70.75,158,315,52245,92.59,24.03
8/27/2017 00:48,24.87,1761,83.15,4143,69.05,152,291,62506,82.4,24.12
8/27/2017 00:49,27.23,1863,90.37,4354,72.56,176,330,54531,90,25.77
8/27/2017 00:50,24.68,2385,117,3781,63.01,158,320,51842,90.59,23.49
8/27/2017 00:51,37.52,1928,92.76,5659,94.31,173,346,77568,121,36.79
8/27/2017 00:52,24.96,1520,70.75,4080,68,155,297,51456,109,24.21
8/27/2017 00:53,26.86,1545,73.3,4604,76.73,152,281,52622,94.8,25.82
8/27/2017 00:54,22.94,1806,84.5,3504,58.4,156,370,59075,78.4,22.05
8/27/2017 00:55,21.79,1767,79.53,3483,58.04,158,319,44561,73.8,21.04
8/27/2017 00:56,25.86,1887,88.55,4407,73.44,130,310,52028,92.19,24.82
8/27/2017 00:57,27.21,1616,73.65,4651,77.51,171,346,65517,105,26.58
8/27/2017 00:58,26.29,1860,85.83,4274,71.23,146,317,50766,88.8,25.22
8/27/2017 00:59,27.38,2483,118,4538,75.63,164,308,54524,92.8,26.25
8/27/2017 01:00,28.04,2843,138,4298,71.63,140,300,64819,101,26.49
8/27/2017 01:01,27.72,2545,118,4474,74.56,132,274,61037,98.59,27.34
8/27/2017 01:02,26.76,1979,91.53,4539,75.65,134,284,50978,91.59,25.79
8/27/2017 01:03,22.83,1862,86.4,3649,60.81,128,291,57023,69.4,22.09
8/27/2017 01:04,25.09,1615,75.56,4255,70.91,131,292,48619,81.19,24.28
8/27/2017 01:05,27.47,1666,79.19,4668,77.8,137,307,53705,90.19,25.92
8/27/2017 01:06,28.84,1859,88.69,4687,78.11,156,378,68655,95.4,27.98
8/27/2017 01:07,24.69,1989,95.36,3957,65.94,146,386,50411,86.59,23.66
8/27/2017 01:08,29.15,2086,98.8,4671,77.84,174,280,50104,98.4,28.45
8/27/2017 01:09,24.87,1885,89.05,4172,69.53,176,342,63630,81.4,23.88
8/27/2017 01:10,21.36,2274,112,3529,58.81,160,263,43680,83,20.03
8/27/2017 01:11,22.72,2015,96.59,3764,62.73,141,270,45124,75.59,22.33
8/27/2017 01:12,23.04,1462,68.45,3953,65.88,149,262,59347,80,22.11
8/27/2017 01:13,21.75,1659,78.34,3775,62.91,129,244,43165,73.4,20.75
8/27/2017 01:14,19.59,1400,66.58,3255,54.25,165,232,39961,67,18.88
8/27/2017 01:15,18.67,1484,71.41,3117,51.95,127,247,51800,60.79,17.7
8/27/2017 01:16,17.48,1069,51.36,2923,48.71,150,286,40456,60.59,16.44
8/27/2017 01:17,19.35,1254,59.73,2947,49.11,139,294,40150,62.4,18.57
8/27/2017 01:18,18.13,1340,61.68,2872,47.86,138,291,51622,63.79,17.3
8/27/2017 01:19,18.76,1233,57.63,3066,51.09,119,254,39834,70.19,17.53
8/27/2017 01:20,18.82,2020,100,2942,49.03,103,269,37711,73,17.73
8/27/2017 01:21,20.23,1867,90.59,3393,56.54,105,268,55089,64.4,19.37
8/27/2017 01:22,20.23,1428,68.01,3352,55.86,112,305,45126,62.59,19.48
8/27/2017 01:23,20.59,1460,70.26,3341,55.68,133,335,44757,67.8,19.46
8/27/2017 01:24,19.91,1313,61.09,3291,54.84,118,289,56353,67.8,19.25
8/27/2017 01:25,18.42,1126,53.33,2896,48.26,117,285,39443,61.4,17.57
8/27/2017 01:26,18.64,1204,56.36,3104,51.73,136,292,40301,64,17.88
8/27/2017 01:27,19.53,1146,54.16,3195,53.25,141,297,55841,61.59,18.37
8/27/2017 01:28,20.48,1621,76.19,3395,56.58,135,305,44962,69.19,19.73
8/27/2017 01:29,21.2,1447,67.4,3412,56.86,123,286,46585,68.59,20.52
8/27/2017 01:30,20.46,2315,119,3018,50.29,153,335,55708,83,18.67
8/27/2017 01:31,21.38,2274,112,3470,57.83,171,320,46502,73.4,21.07
8/27/2017 01:32,20.05,1473,69.09,3350,55.83,148,269,43738,63.2,19.36
8/27/2017 01:33,19.98,1274,59.36,3171,52.84,116,282,55903,64.4,19.17
8/27/2017 01:34,21.15,1282,60.06,3383,56.38,128,319,44951,68.59,20.07
8/27/2017 01:35,22.15,1615,76.73,3557,59.28,137,300,47997,70.8,21.24
8/27/2017 01:36,24.29,1463,69.83,3740,62.33,140,330,62491,76.19,23.14
8/27/2017 01:37,21.33,1383,67.66,3486,58.09,121,333,47384,69.4,20.51
8/27/2017 01:38,20.93,1517,76.16,3564,59.4,134,331,48337,68.19,19.93
8/27/2017 01:39,22.34,1566,76.16,3564,59.4,125,359,61640,73,21.11
8/27/2017 01:40,21.27,2095,104,3174,52.9,156,388,45579,85.19,20.55
8/27/2017 01:41,19.71,1295,62.5,3141,52.34,130,336,43970,60.2,18.8
8/27/2017 01:42,17.43,1376,67.41,2844,47.4,132,316,52375,54.4,16.82
8/27/2017 01:43,16.8,1196,58,2819,46.98,111,266,36821,61,16.18
8/27/2017 01:44,16.38,1029,49.16,2747,45.78,120,294,38358,58.59,15.49
8/27/2017 01:45,16.8,1134,53.83,2626,43.76,110,330,49969,51.4,15.84
8/27/2017 01:46,15.48,1121,53,2490,41.5,122,256,32992,64.19,14.78
8/27/2017 01:47,17.27,1173,57.58,2956,49.26,132,292,37641,66.19,16.48
8/27/2017 01:48,17.8,1345,65.91,2990,49.83,110,280,50193,62.2,16.93
8/27/2017 01:49,17.39,1122,53.83,2697,44.95,92.83,261,39322,71,16.79
8/27/2017 01:50,16.94,1578,78.58,2671,44.51,130,291,38227,65.8,15.91
8/27/2017 01:51,18.76,1349,66.53,3158,52.63,135,258,50564,65.19,17.8
8/27/2017 01:52,22.11,1347,66.56,3586,59.76,132,312,48958,70,21.12
8/27/2017 01:53,20.63,1279,62.56,3381,56.34,130,249,42943,71.19,19.97
8/27/2017 01:54,21.02,1277,62.56,3243,54.04,117,335,58089,71,20.39
8/27/2017 01:55,19.63,1216,59.29,3060,51,112,306,45395,60,18.6
8/27/2017 01:56,18.03,1315,64.66,2915,48.58,110,320,41041,62,17.29
8/27/2017 01:57,16.72,1415,70.63,2716,45.26,107,228,47450,62.79,15.63
8/27/2017 01:58,16.87,1197,59.2,2859,47.65,95.62,217,36551,56.4,16.16
8/27/2017 01:59,16.05,1042,50.23,2880,48,108,210,34380,59.59,15.41
8/27/2017 02:00,16.3,1523,77.93,2571,42.84,97.95,214,46536,69,15.09
8/27/2017 02:01,16.01,1146,56.66,2684,44.73,78.48,185,32835,53.79,15.29
8/27/2017 02:02,15.86,901,44.23,2683,44.71,92.73,223,34865,55.79,15.31
8/27/2017 02:03,18.05,897,43.5,3032,50.53,91.92,236,50992,62.59,17.18
8/27/2017 02:04,14.84,1159,56.66,2480,41.33,105,227,30569,52,13.89
8/27/2017 02:05,15.55,1111,53.46,2518,41.96,119,253,33041,50,14.8
8/27/2017 02:06,16.43,1160,55.83,2520,42,91.39,257,47051,57,15.42
8/27/2017 02:07,13.72,1318,64.61,2125,35.4,100,242,29494,48,13.13
8/27/2017 02:08,13.37,1267,61.51,2158,35.96,97.53,238,29885,44.4,12.51
8/27/2017 02:09,12.39,1201,58.33,1943,32.38,95.75,183,39547,45.4,11.58
8/27/2017 02:10,13.04,1427,69.95,1931,32.18,111,209,27326,42.59,12.3
8/27/2017 02:11,14.88,1437,70.76,2443,40.71,97.75,220,29789,54,14.08
8/27/2017 02:12,12.94,1444,69.9,1940,32.33,84.88,196,40070,41.59,12.27
8/27/2017 02:13,14.24,1475,71.73,2226,37.09,87.53,250,30808,48.59,13.42
8/27/2017 02:14,12.15,1293,64.19,2072,34.53,84.89,181,26116,41.59,11.47
8/27/2017 02:15,14.4,1076,52.46,2200,36.65,83.66,217,43300,47.4,13.51
8/27/2017 02:16,12.72,1137,54.63,2071,34.51,94.57,156,25699,41.2,12.02
8/27/2017 02:17,13.39,1105,51.98,2133,35.54,79.08,197,26844,45.59,12.51
8/27/2017 02:18,14.74,1171,56.48,2333,38.88,76.56,210,42761,47.2,14.07
8/27/2017 02:19,11.61,1032,49.5,1879,31.31,83.12,188,25321,41.59,10.91
8/27/2017 02:20,13.6,1562,80.23,2211,36.84,98.48,172,27952,66.4,12.61
8/27/2017 02:21,13.2,1254,61.25,2048,34.13,76.56,203,41405,44.79,12.67
8/27/2017 02:22,14.44,1151,54.79,2327,38.78,80.02,217,30645,55.4,13.72
8/27/2017 02:23,16.09,1278,62.63,2560,42.66,95.54,271,34877,52.2,15.42
8/27/2017 02:24,15.17,1267,60.76,2535,42.25,100,233,44287,51,14.21
8/27/2017 02:25,14.67,1512,73.03,2426,40.43,98.39,224,31426,54,13.8
8/27/2017 02:26,13.43,1177,55.66,2334,38.9,87.45,171,26876,49.2,12.8
8/27/2017 02:27,13.64,1214,58.29,2183,36.38,84.07,173,39575,46.79,12.94
8/27/2017 02:28,13.81,1184,57.76,2293,38.21,88.64,166,27054,47.59,13
8/27/2017 02:29,12.88,1099,53.7,2204,36.72,82.55,187,25889,46.79,12.28
8/27/2017 02:30,14.89,1705,88.53,2279,37.97,97.27,185,42234,61.59,13.56
8/27/2017 02:31,14.33,1353,66.93,2493,41.54,68.25,202,30178,57,13.83
8/27/2017 02:32,15.14,1180,58.56,2625,43.75,101,250,32878,56,14.27
8/27/2017 02:33,13.24,1194,58.46,2223,37.04,78.28,193,39021,45.2,12.44
8/27/2017 02:34,12.27,1362,67.61,2020,33.65,76.62,204,26264,43.59,11.52
8/27/2017 02:35,13.11,1023,48.84,2204,36.72,92.2,241,28600,49.4,12.17
8/27/2017 02:36,11.88,1127,55.7,1872,31.2,86.76,171,35769,47.59,11.33
8/27/2017 02:37,10.09,893,42.5,1706,28.43,79.65,136,19760,35.79,9.52
8/27/2017 02:38,11.61,1121,55.16,1802,30.03,77.04,189,23869,36.79,10.74
8/27/2017 02:39,11.6,1392,70.03,1770,29.5,73.23,162,35627,41.2,10.75
8/27/2017 02:40,10.69,1201,59.33,1661,27.68,81.01,197,26030,39.2,9.93
8/27/2017 02:41,12.13,1186,57.98,1961,32.68,80.81,176,26644,43.2,11.21
8/27/2017 02:42,12.52,1532,77.84,1968,32.79,82.04,212,40337,40.79,11.67
8/27/2017 02:43,11.69,1075,51.66,1923,32.04,72.45,196,25525,40.79,10.92
8/27/2017 02:44,11.46,1308,64.95,1901,31.68,73.92,182,25004,39.79,10.82
8/27/2017 02:45,15.63,1238,59.86,2380,39.65,111,219,45860,54.4,14.7
8/27/2017 02:46,13.35,1114,53.81,2227,37.11,69.72,189,28565,48.4,12.63
8/27/2017 02:47,12.12,1058,51.21,1981,33.01,90.86,227,29034,42.2,11.23
8/27/2017 02:48,13.6,1144,56.08,2149,35.81,92.22,223,43235,43.2,12.96
8/27/2017 02:49,12.88,1254,61.5,2024,33.72,83.33,201,28693,39.4,11.81
8/27/2017 02:50,13.01,1412,70.5,2089,34.81,97.92,247,29834,56.59,12.23
8/27/2017 02:51,12.65,997,47.5,2044,34.06,87.78,236,41521,41.59,11.75
8/27/2017 02:52,10.94,1163,58.33,1858,30.96,102,184,23355,38.2,10.13
8/27/2017 02:53,11.89,1107,55.33,1891,31.51,72.03,244,27582,43.79,10.9
8/27/2017 02:54,13.21,1227,61.66,2060,34.33,74.12,188,39813,55.2,12.08
8/27/2017 02:55,13.05,1086,52.66,2051,34.18,112,248,30035,47.2,12.28
8/27/2017 02:56,13.4,999,48,2129,35.47,97.4,282,32209,45.59,12.56
8/27/2017 02:57,12.31,1021,49.66,1910,31.83,84.78,232,40212,42.79,11.43
8/27/2017 02:58,11.16,812,38.65,1841,30.68,75.39,170,24827,43.59,10.4
8/27/2017 02:59,12.39,1108,54.16,1953,32.54,76.58,235,28537,40.4,11.57
8/27/2017 03:00,12.87,1154,56.5,1970,32.83,84.38,207,40829,47,11.6
8/27/2017 03:01,13.55,941,45,2045,34.08,83.32,242,29197,40.4,12.58
8/27/2017 03:02,11.26,966,47.16,1869,31.14,92.03,200,25111,37.59,10.34
8/27/2017 03:03,12.33,968,47.83,1753,29.21,86.93,192,39501,35,11.19
8/27/2017 03:04,12.28,1099,54.66,1948,32.46,74.95,187,27447,46,11.23
8/27/2017 03:05,11.43,978,47.38,1704,28.39,71.95,192,25709,33.79,10.55
8/27/2017 03:06,22.31,1200,59.41,1975,32.9,90.48,211,40605,40.4,10
8/27/2017 03:07,16.55,1328,66.5,1804,30.06,83.6,209,27673,39.79,10.4
8/27/2017 03:08,11.77,1133,55.65,1867,31.11,82.8,221,27616,49.2,10.98
8/27/2017 03:09,10.93,916,43.83,1551,25.85,82.29,216,38825,34.4,10.37
8/27/2017 03:10,10.65,1244,63.04,1609,26.81,74.26,231,26517,38.59,9.77
8/27/2017 03:11,10.55,1053,50.18,1639,27.31,78.92,200,25258,33.4,10.02
8/27/2017 03:12,11.28,977,46.71,1665,27.75,101,218,39488,35,10.39
8/27/2017 03:13,10.06,1111,54.53,1488,24.79,80.08,224,25503,29.6,9.34
8/27/2017 03:14,8.68,902,43.9,1284,21.39,80.23,193,20083,32,7.83
8/27/2017 03:15,9.67,863,43.16,1364,22.73,76.4,199,33640,34,9.14
8/27/2017 03:16,9.61,775,37.43,1463,24.38,73.45,218,21679,30.6,8.96
8/27/2017 03:17,8.93,666,32.4,1272,21.2,82.25,202,20480,30.39,8.25
8/27/2017 03:18,9.43,877,44.48,1312,21.86,70.26,202,34141,27.79,8.67
8/27/2017 03:19,8.97,841,41.75,1361,22.68,72.95,215,21365,33.4,8.15
8/27/2017 03:20,8.99,1098,56.03,1272,21.2,86.93,209,20581,33.2,8.28
8/27/2017 03:21,8.91,880,43.79,1243,20.71,81.95,173,32715,28.6,8.34
8/27/2017 03:22,11.01,764,37.29,1719,28.64,76.62,181,24760,41.79,10.3
8/27/2017 03:23,10.7,1054,52.76,1549,25.81,72.62,211,24150,34.79,10.01
8/27/2017 03:24,11.1,907,43.46,1454,24.23,84.4,254,38138,32.4,10.51
8/27/2017 03:25,9.28,790,37.79,1348,22.46,82.29,206,21405,35,8.42
8/27/2017 03:26,11,912,45.36,1726,28.76,67.95,189,26080,41,9.89
8/27/2017 03:27,11.32,962,48.46,1743,29.04,82.95,165,38269,37.79,10.52
8/27/2017 03:28,11.11,861,43.13,1692,28.2,45.23,170,26519,37,10.54
8/27/2017 03:29,11.26,819,39.5,1641,27.35,64.06,218,25459,35,10.62
8/27/2017 03:30,10.19,1038,51.7,1438,23.96,65.87,177,34089,40.79,9.25
8/27/2017 03:31,9.6,800,38.86,1540,25.66,54.21,170,21539,35,9.05
8/27/2017 03:32,12.44,757,36.43,1817,30.28,78.97,261,28880,44.4,11.77
8/27/2017 03:33,12.42,806,38.36,1710,28.5,56.55,216,39301,38.2,11.81
8/27/2017 03:34,10.31,954,47.03,1572,26.2,75.37,222,23918,38.2,9.53
8/27/2017 03:35,10.08,1007,50,1496,24.93,69.53,227,22370,32.4,9.32
8/27/2017 03:36,9.82,861,42.4,1398,23.29,64.51,192,34272,32.59,9.24
8/27/2017 03:37,10.48,869,43.03,1528,25.46,86.79,199,23391,31.39,9.86
8/27/2017 03:38,9.61,776,37.88,1423,23.71,57.75,206,22161,29.6,9
8/27/2017 03:39,10.34,853,42.2,1453,24.21,80.58,230,36929,36.4,9.31
8/27/2017 03:40,9.4,1233,62.58,1343,22.38,65.91,194,20863,30.79,8.67
8/27/2017 03:41,9.57,835,41.23,1410,23.5,59.94,186,21487,32.4,9.01
8/27/2017 03:42,10.09,734,35.96,1543,25.71,78.95,202,34863,38.4,9.42
8/27/2017 03:43,9.65,877,43.04,1445,24.08,73.93,190,21565,33.4,8.99
8/27/2017 03:44,8.61,907,45.79,1242,20.7,56.53,163,19030,25.2,7.85
8/27/2017 03:45,8.96,891,45.71,1211,20.18,67.38,194,32270,26,7.78
8/27/2017 03:46,8.23,919,45.48,1128,18.79,74.98,186,17994,27.6,7.76
8/27/2017 03:47,7.54,731,35.51,1150,19.16,69.52,165,17245,24.6,6.94
8/27/2017 03:48,8.33,801,38.9,1145,19.07,60.37,162,30868,25.79,7.56
8/27/2017 03:49,7.79,736,35.4,1123,18.71,77.95,168,17281,26.6,7.26
8/27/2017 03:50,8.97,853,41.68,1239,20.64,68.22,188,20697,34.4,8.16
8/27/2017 03:51,9.39,653,32.47,1452,24.2,56.45,176,32979,33.59,8.49
8/27/2017 03:52,9.51,735,36.9,1543,25.71,72.28,207,22029,31.39,8.86
8/27/2017 03:53,9.64,889,44.7,1435,23.91,64.84,198,20726,32,8.88
8/27/2017 03:54,9.38,1025,51.45,1352,22.53,91.03,209,34757,29.39,8.52
8/27/2017 03:55,9.96,1210,60.63,1418,23.63,83.65,237,24511,31.2,9
8/27/2017 03:56,7.89,848,41.4,1198,19.96,65.27,154,17251,26.2,7.4
8/27/2017 03:57,8.92,734,35.63,1207,20.11,88.39,178,32368,27.39,8.27
8/27/2017 03:58,8.96,664,32.22,1357,22.61,67.68,193,20535,29.2,8.48
8/27/2017 03:59,9.18,653,32,1279,21.31,50.7,180,22143,26.79,8.41
8/27/2017 04:00,10.46,979,50.28,1439,23.98,46.3,191,35179,34.59,9.63
8/27/2017 04:01,9.22,720,35.63,1358,22.63,71.15,225,21474,31,8.72
8/27/2017 04:02,9.34,709,34.59,1532,25.53,72.61,223,21399,35,8.63
8/27/2017 04:03,9.39,638,30.6,1355,22.58,53,216,33182,29.6,8.73
8/27/2017 04:04,8.86,614,30.7,1390,23.16,46.03,206,19891,31.79,7.82
8/27/2017 04:05,9.89,712,35.03,1389,23.14,52.85,255,22776,29.2,9.09
8/27/2017 04:06,10.64,895,42.59,1525,25.41,58.62,238,35714,31.39,9.99
8/27/2017 04:07,10.28,742,34.76,1488,24.79,71.54,242,23579,30,9.67
8/27/2017 04:08,8.24,712,34.96,1273,21.21,49.34,231,19043,29.6,7.49
8/27/2017 04:09,10.29,643,31.13,1378,22.96,53.7,221,35604,30.6,9.76
8/27/2017 04:10,9.61,1155,59.2,1224,20.39,67.92,219,22984,34.79,8.51
8/27/2017 04:11,8.43,736,36,1280,21.33,69.98,214,19382,26.2,7.99
8/27/2017 04:12,8.06,589,28.83,1129,18.8,58.11,193,30772,25.2,7.45
8/27/2017 04:13,8.36,667,33.22,1276,21.26,44.1,197,19603,31.39,7.78
8/27/2017 04:14,8.6,846,43.08,1290,21.5,47.66,220,20240,25.39,7.52
8/27/2017 04:15,8.59,777,39.08,1296,21.6,42.43,203,32300,26.2,7.83
8/27/2017 04:16,8.96,574,28.33,1352,22.53,46.65,217,20801,27.79,8.41
8/27/2017 04:17,7.92,606,30.58,1186,19.76,37.72,196,18652,27,7.28
8/27/2017 04:18,7.58,683,33.83,1058,17.63,39.75,196,30082,22.2,6.83
8/27/2017 04:19,7.5,661,33,1115,18.57,42.27,192,17816,26.2,6.85
8/27/2017 04:20,8.25,807,41.41,1183,19.71,35.7,211,18498,36.79,7.49
8/27/2017 04:21,8.61,688,33.58,1275,21.25,51.68,233,33216,34.4,7.77
8/27/2017 04:22,8.49,673,33.5,1225,20.41,45.3,220,19103,29,7.86
8/27/2017 04:23,9.19,516,24.91,1417,23.61,36.7,203,19681,32.2,8.65
8/27/2017 04:24,9.21,568,28.25,1479,24.64,46.94,188,31128,31.79,8.41
8/27/2017 04:25,10.17,706,35,1663,27.71,40.61,256,23008,32.59,9.23
8/27/2017 04:26,10.56,733,35.83,1667,27.78,52.19,212,22650,32.2,9.96
8/27/2017 04:27,9.19,587,28.75,1408,23.46,30.74,194,32490,29.79,8.51
8/27/2017 04:28,9.35,638,31.75,1446,24.1,40.44,214,22005,31.39,8.74
8/27/2017 04:29,8.33,701,34.5,1281,21.35,40.38,203,18148,32.2,7.77
8/27/2017 04:30,8.33,941,50,1151,19.18,37.84,174,28656,27.6,7.17
8/27/2017 04:31,7.25,946,49,1052,17.53,45.19,206,16779,23,6.85
8/27/2017 04:32,8.47,585,28.29,1267,21.11,55.16,203,19117,26.6,7.98
8/27/2017 04:33,8.82,628,31.66,1299,21.64,37.99,217,32734,26.39,8.08
8/27/2017 04:34,8.13,645,32.2,1262,21.03,46.68,190,18510,30.79,7.54
8/27/2017 04:35,7.88,790,39.5,1097,18.28,50.64,212,17570,25.79,7.3
8/27/2017 04:36,8.69,573,28.06,1054,17.55,38.77,207,32993,26.2,8.06
8/27/2017 04:37,8.11,756,38.09,1146,19.1,43.01,258,20588,26.79,7.52
8/27/2017 04:38,8.32,749,38.56,1243,20.71,58.89,235,19794,28.2,7.48
8/27/2017 04:39,9.53,656,33.29,1436,23.93,53.29,237,32039,30.2,8.88
8/27/2017 04:40,8.25,1061,56.83,1280,21.33,40.68,228,18907,32,7.26
8/27/2017 04:41,8.49,713,36.03,1356,22.6,39.07,230,19134,28.79,7.9
8/27/2017 04:42,8.69,885,45.36,1198,19.96,35.75,196,32039,26.6,7.84
8/27/2017 04:43,7.73,679,34.96,1109,18.48,44.11,145,17760,26.2,7.08
8/27/2017 04:44,7.67,544,27.56,1107,18.45,53.23,162,17227,29.39,7.05
8/27/2017 04:45,8.48,668,33.26,1065,17.75,52.54,186,31033,26,7.78
8/27/2017 04:46,7.37,627,30.39,1037,17.28,43.81,166,17036,24.39,6.82
8/27/2017 04:47,6.87,543,26.86,957,15.94,37.13,156,15342,24,6.13
8/27/2017 04:48,8.51,768,40,1182,19.7,47.61,191,32545,25.6,7.72
8/27/2017 04:49,7.44,614,31.16,1051,17.51,50.26,159,17583,25.39,6.8
8/27/2017 04:50,7.02,594,30.39,856,14.26,36.61,155,15853,23.6,6.31
8/27/2017 04:51,7.05,611,30.89,872,14.53,54.45,151,27927,18.39,6.39
8/27/2017 04:52,6.69,615,31.18,950,15.83,40.44,148,15385,21.6,5.92
8/27/2017 04:53,6.47,644,31.14,864,14.39,34.49,146,14431,19,5.97
8/27/2017 04:54,6.97,805,41.09,934,15.56,55.02,145,26895,20.79,6.02
8/27/2017 04:55,7.04,702,34.81,910,15.16,35.33,149,15081,19.2,6.38
8/27/2017 04:56,8.08,679,33.71,1034,17.23,47.73,202,18448,21,7.25
8/27/2017 04:57,7.93,803,41.15,1061,17.68,39.38,166,28925,22.6,7.19
8/27/2017 04:58,7.39,728,36.56,1086,18.1,33.46,161,16117,23.39,6.9
8/27/2017 04:59,7.1,586,29.21,999,16.64,30.29,135,15641,22.39,6.75
8/27/2017 05:00,7.37,635,32.56,948,15.8,28.15,145,28261,22.2,6.57
8/27/2017 05:01,6.76,633,32.9,868,14.46,39.67,159,14905,18.79,6.13
8/27/2017 05:02,7.23,529,26.18,975,16.25,47.14,153,16034,27.79,6.65
8/27/2017 05:03,7.13,501,24.5,792,13.19,42.03,174,31784,20.6,6.48
8/27/2017 05:04,5.78,511,25.93,714,11.89,34.65,153,13129,18,5.28
8/27/2017 05:05,6.64,512,25.41,878,14.63,49.59,179,16019,23.79,6.07
8/27/2017 05:06,7.09,610,30.6,938,15.63,34.11,145,27663,22.79,6.48
8/27/2017 05:07,6.58,625,31.63,868,14.46,42.09,137,15145,17.2,6.13
8/27/2017 05:08,6.42,541,26.71,872,14.53,37.92,134,14155,20,5.95
8/27/2017 05:09,7.58,671,34.15,930,15.5,39.58,152,28605,19.39,6.85
8/27/2017 05:10,7.63,762,39.76,1017,16.95,38.78,124,15872,22.79,6.82
8/27/2017 05:11,7.73,551,27.23,1183,19.71,27.77,142,16767,25.79,7.35
8/27/2017 05:12,7.86,485,23.86,1045,17.41,47.52,125,29113,23.39,7.3
8/27/2017 05:13,8.75,590,29.03,1232,20.53,37.4,156,19832,27,8.19
8/27/2017 05:14,7.22,549,27.33,974,16.23,47.3,142,15927,21.2,6.74
8/27/2017 05:15,7.37,547,27.16,877,14.61,39.79,119,27900,20,6.5
8/27/2017 05:16,5.97,493,24,779,12.98,35.22,98,12002,16.79,5.57
8/27/2017 05:17,6.55,548,27.16,862,14.36,34.84,130,14491,18.6,6.03
8/27/2017 05:18,7.67,691,34.43,974,16.23,37.54,144,29332,20.39,7.06
8/27/2017 05:19,6.61,478,23.53,936,15.6,31.27,120,14072,20.6,6.14
8/27/2017 05:20,6.45,611,31.36,875,14.58,32.75,131,14809,21.39,5.71
8/27/2017 05:21,7.08,753,38.53,923,15.38,33.58,123,26959,20.6,6.44
8/27/2017 05:22,5.69,530,26.36,777,12.94,33.19,139,13027,20.6,5.23
8/27/2017 05:23,6.17,594,29.73,840,14,56.44,149,13558,18.39,5.62
8/27/2017 05:24,7.57,639,31.46,965,16.07,43.43,148,29080,23.6,6.96
8/27/2017 05:25,7.03,611,30.36,919,15.31,40.59,124,15162,22.2,6.36
8/27/2017 05:26,8.25,587,29.39,1222,20.36,51.97,185,19747,30.79,7.67
8/27/2017 05:27,8.02,585,28.83,1082,18.03,52.33,165,29445,27.79,7.42
8/27/2017 05:28,7.38,564,28.13,1103,18.38,40.49,142,15738,25.2,6.78
8/27/2017 05:29,6.36,492,24.46,856,14.26,41.77,131,13935,19.2,5.8
8/27/2017 05:30,6.64,602,31.11,841,14.01,32.93,130,26018,21.79,5.87
8/27/2017 05:31,6.68,562,28.13,855,14.25,36.79,142,13900,20.2,6.21
8/27/2017 05:32,6.62,653,33.09,859,14.31,32.36,139,14237,18.2,5.99
8/27/2017 05:33,8.58,600,30.39,1024,17.05,35.18,206,31669,21.2,7.92
8/27/2017 05:34,7.19,643,31.85,999,16.64,34.04,128,14904,21.79,6.64
8/27/2017 05:35,6.97,576,27.96,990,16.5,44.6,124,15711,24.6,6.39
8/27/2017 05:36,7.56,533,26.1,1033,17.21,33.43,135,28570,22.2,7.08
8/27/2017 05:37,6.18,530,25.93,943,15.71,38.39,120,14563,19.39,5.53
8/27/2017 05:38,7.09,618,31.56,1000,16.66,45.41,142,17184,20,6.48
8/27/2017 05:39,7.71,634,32.08,971,16.18,43.32,139,27417,20.79,7.15
8/27/2017 05:40,6.02,555,27.35,744,12.39,34.97,142,14134,19.6,5.42
8/27/2017 05:41,6.01,550,27.14,874,14.56,37.06,115,12769,19.2,5.61
8/27/2017 05:42,7.42,532,26.38,910,15.16,34.04,189,30431,19.6,6.78
8/27/2017 05:43,6.33,619,31.08,919,15.31,48.68,127,12555,20.79,5.58
8/27/2017 05:44,6.16,788,40.08,852,14.19,37.86,149,14286,19,5.73
8/27/2017 05:45,5.99,553,27.14,718,11.96,38.13,118,25119,16.2,5.24
8/27/2017 05:46,6.8,584,29.23,887,14.78,41.58,148,14864,19.39,6.26
8/27/2017 05:47,5.76,617,30.78,813,13.55,27.02,110,11855,17.39,5.42
8/27/2017 05:48,5.93,495,24.46,735,12.25,38.38,98,24962,18,5.4
8/27/2017 05:49,5.5,468,23.23,755,12.58,23.8,96,11260,15.8,5.11
8/27/2017 05:50,5.77,535,26.33,759,12.64,33.92,126,12498,19,5.19
8/27/2017 05:51,6.28,490,23.5,704,11.73,24.69,125,26024,14.19,5.88
8/27/2017 05:52,5.42,452,22,708,11.8,34.95,115,12081,17.39,4.97
8/27/2017 05:53,6.16,520,26,802,13.36,20.23,111,13192,17.2,5.73
8/27/2017 05:54,6.78,676,34.65,828,13.8,37.44,119,26996,20,6
8/27/2017 05:55,6.11,506,24.83,772,12.86,31.3,110,12655,17.2,5.64
8/27/2017 05:56,5.83,486,24.33,732,12.19,34.49,116,13663,17.39,5.37
8/27/2017 05:57,7.7,591,30.16,940,15.66,38.03,168,30813,23.2,7.01
8/27/2017 05:58,7.03,561,28.5,983,16.38,44.76,141,15594,22.2,6.42
8/27/2017 05:59,7.34,646,32.83,1089,18.14,34.11,132,15018,24.6,6.83
8/27/2017 06:00,8.02,895,46.57,927,15.44,33.61,156,28897,23.6,7.07
8/27/2017 06:01,7.76,527,25.83,1094,18.23,38.03,134,17250,22.39,7.35
8/27/2017 06:02,7.03,530,25.5,937,15.61,52.14,154,15110,23.79,6.46
8/27/2017 06:03,6.65,628,30.83,833,13.88,36.22,139,27187,17.2,6.04
8/27/2017 06:04,5.55,530,27,691,11.51,40.75,144,13483,14.8,4.99
8/27/2017 06:05,6.85,647,33.5,831,13.85,50.52,176,15281,16.79,5.94
8/27/2017 06:06,6.85,768,39.33,894,14.89,41.93,144,27311,19.39,6.26
8/27/2017 06:07,6.07,747,37.65,834,13.89,41.44,135,14010,17.6,5.53
8/27/2017 06:08,5.43,514,25.43,731,12.18,41.33,127,12278,14.8,5.05
8/27/2017 06:09,5.94,388,19.78,730,12.16,31.48,112,25446,15.19,5.29
8/27/2017 06:10,6.4,508,26.58,770,12.83,35.29,139,13930,19.79,5.72
8/27/2017 06:11,6.21,631,32.76,807,13.44,29.97,149,14042,17.79,5.46
8/27/2017 06:12,6.77,521,26.7,807,13.44,34.54,159,27762,18.79,6.12
8/27/2017 06:13,5.75,510,25.86,773,12.88,32.28,121,13239,17,5.36
8/27/2017 06:14,5.8,442,21.7,785,13.08,41.16,133,13331,15.8,5.38
8/27/2017 06:15,7.09,637,32.72,820,13.66,37.04,154,28099,17,6.24
8/27/2017 06:16,7.54,570,29.01,989,16.48,36.42,142,15864,28.79,7.02
8/27/2017 06:17,7.23,403,19.75,874,14.56,28.34,136,15258,19,6.7
8/27/2017 06:18,7.44,531,25.54,877,14.61,34.6,139,27600,19.2,6.89
8/27/2017 06:19,7.68,532,26.14,1056,17.6,37.94,139,17720,24.79,6.93
8/27/2017 06:20,8.26,1079,57.48,1066,17.76,33.79,147,17809,25.6,7.3
8/27/2017 06:21,7.1,672,34,1004,16.73,39.27,130,27444,27.39,6.62
8/27/2017 06:22,6.77,657,33.36,963,16.04,47.12,133,16041,22.2,6.21
8/27/2017 06:23,6.18,582,29.31,870,14.5,38.68,133,14258,20.2,5.39
8/27/2017 06:24,6.82,874,44.98,826,13.76,47.83,143,27942,19.39,5.98
8/27/2017 06:25,6.22,599,29.76,836,13.93,45.54,127,13498,21.6,5.5
8/27/2017 06:26,6.57,605,29.96,828,13.8,40.79,168,15168,22.79,6.16
8/27/2017 06:27,8.01,785,39.68,892,14.86,53.79,172,28423,22.2,7.2
8/27/2017 06:28,7.21,593,28.76,1012,16.86,46.98,211,16142,25.2,6.72
8/27/2017 06:29,7.1,523,24.43,903,15.05,34.85,184,15256,22.39,6.71
8/27/2017 06:30,7.71,676,34.29,904,15.06,42.3,233,28939,30.39,6.81
8/27/2017 06:31,6.9,581,28.39,744,12.39,50.88,159,15903,16.39,6.4
8/27/2017 06:32,5.79,592,29.23,789,13.14,55.98,146,14131,16.79,5.25
8/27/2017 06:33,6.47,617,30.1,788,13.13,42.95,148,26148,17.79,6.08
8/27/2017 06:34,5.76,686,35,751,12.51,55.1,135,12267,17.79,4.93
8/27/2017 06:35,6.46,530,26.83,880,14.66,44.96,146,14070,22,5.78
8/27/2017 06:36,6.85,677,33.86,775,12.91,44.64,147,26328,20.2,6.27
8/27/2017 06:37,6.74,489,24.13,1069,17.8,54.38,173,15377,23.2,6.32
8/27/2017 06:38,7.33,494,24.39,1036,17.26,44.96,177,16161,24.6,6.95
8/27/2017 06:39,7.57,488,23.2,1049,17.48,32.63,194,29750,22.2,7.08
8/27/2017 06:40,6.33,648,32.7,934,15.56,38.06,149,14114,22.39,5.7
8/27/2017 06:41,5.84,508,25.29,901,15.01,31.63,131,13742,25,5.47
8/27/2017 06:42,6.99,562,28.29,965,16.07,76.53,122,28040,20,6.46
8/27/2017 06:43,7.01,558,27.96,977,16.28,38.36,188,16801,23.39,6.59
8/27/2017 06:44,6.5,569,28.56,995,16.57,34.71,154,14500,20.2,5.94
8/27/2017 06:45,7.7,561,28.25,1067,17.78,33.06,166,28892,22.2,7.08
8/27/2017 06:46,6.96,565,27.96,1133,18.88,31.59,164,15952,26.39,6.57
8/27/2017 06:47,5.94,539,26.45,840,14,60.69,163,14038,17.2,5.41
8/27/2017 06:48,7.02,653,32.76,937,15.61,41.86,167,27852,21,6.42
8/27/2017 06:49,6.46,566,28.33,956,15.93,36.2,162,15330,20,6.03
8/27/2017 06:50,6.17,682,34.65,869,14.48,38.25,163,13375,21.39,5.4
8/27/2017 06:51,5.54,550,27.58,756,12.6,36.84,119,23855,17.6,5.09
8/27/2017 06:52,5.92,475,22.93,908,15.13,31.17,149,13539,20.79,5.45
8/27/2017 06:53,7.02,685,34.68,1096,18.26,40.28,157,15089,25.2,6.4
8/27/2017 06:54,6.78,524,25.61,979,16.3,34.54,139,26773,21.79,6.27
8/27/2017 06:55,6.68,512,25.46,971,16.18,28.37,169,15340,20.39,6.15
8/27/2017 06:56,7.11,536,26.73,1019,16.98,44.87,189,15936,25.79,6.54
8/27/2017 06:57,6.06,602,30.63,755,12.58,41.45,154,24765,15.8,5.48
8/27/2017 06:58,7.12,638,32.36,898,14.96,44.57,206,16348,21,6.57
8/27/2017 06:59,7.01,672,34.47,910,15.16,43.09,173,14607,22.79,6.25
8/27/2017 07:00,6.33,912,47.43,781,13.01,46.77,161,25644,24,5.56
8/27/2017 07:01,6.91,618,31.2,902,15.03,48.78,175,15242,20.2,6.28
8/27/2017 07:02,7.76,569,28.51,1040,17.32,51.38,175,16313,23,7.08
8/27/2017 07:03,9.59,680,35.06,1311,21.85,38.86,221,32329,30.2,8.86
8/27/2017 07:04,7.19,659,33.56,982,16.36,43.12,174,16286,25.6,6.73
8/27/2017 07:05,6.96,697,35.2,914,15.23,44.9,163,15100,19.79,6.25
8/27/2017 07:06,8.19,859,44.33,1095,18.25,47.41,139,28946,39.4,7.63
8/27/2017 07:07,6.77,700,36.13,1023,17.04,52.09,133,16297,27,6.09
8/27/2017 07:08,7.48,796,41.86,1086,18.1,45.27,133,15656,24.6,6.88
8/27/2017 07:09,7.23,512,25.93,933,15.55,33.44,130,27489,22.79,6.9
8/27/2017 07:10,7.22,472,23.79,962,16.03,38.39,122,15228,35.2,6.54
8/27/2017 07:11,6.68,494,24.7,933,15.55,35.54,132,15334,20,6.29
8/27/2017 07:12,6.4,475,24,810,13.5,65.73,153,26777,18.6,5.73
8/27/2017 07:13,7.26,519,26.13,946,15.76,49.07,191,17321,22.79,6.37
8/27/2017 07:14,6.65,712,36.09,956,15.93,47.52,130,14428,27.6,6.23
8/27/2017 07:15,6.59,680,35.29,720,12,36.32,141,25857,20.6,5.83
8/27/2017 07:16,6.74,517,26.6,872,14.53,36.09,133,15698,21.2,6.36
8/27/2017 07:17,7.11,576,28.93,931,15.51,62.91,157,15243,20.6,6.5
8/27/2017 07:18,7.65,717,37.03,919,15.31,38.79,155,28131,22.2,6.89
8/27/2017 07:19,7.87,745,37.93,1165,19.41,44.31,120,15596,33.79,7.3
8/27/2017 07:20,9.17,814,41.23,1213,20.21,56.65,155,19053,35.79,8.51
8/27/2017 07:21,8.4,807,41.33,1168,19.46,44.33,134,30820,27.6,7.61
8/27/2017 07:22,8.76,1006,52.81,1181,19.68,50.11,171,19211,26,7.54
8/27/2017 07:23,8.85,1589,84.25,1160,19.32,42.85,181,18075,25.2,8.4
8/27/2017 07:24,8.43,677,34.08,1025,17.07,40.57,171,30431,24,8.05
8/27/2017 07:25,6.99,517,25.5,970,16.16,38.97,155,15678,21.6,6.39
8/27/2017 07:26,8.56,635,31.58,1243,20.71,43.38,168,18406,28,7.98
8/27/2017 07:27,8.39,681,34.15,1154,19.23,37.67,153,30996,25.2,7.73
8/27/2017 07:28,7.51,617,31,1057,17.61,49.24,170,17843,21.2,6.84
8/27/2017 07:29,7.64,509,25.5,1105,18.41,33.19,182,18088,23.79,7.08
8/27/2017 07:30,9.09,880,46.41,1142,19.03,56.35,197,33774,26.39,8.14
8/27/2017 07:31,7.19,582,29.16,1026,17.1,57.23,148,16389,22.6,6.79
8/27/2017 07:32,6.85,470,23.33,918,15.3,38.82,140,14327,25,6.42
8/27/2017 07:33,7.55,459,23.58,981,16.35,47.94,135,27784,22,6.76
8/27/2017 07:34,7.23,443,22.16,1030,17.16,40.89,159,17547,20.79,6.8
8/27/2017 07:35,7.7,476,22.75,1059,17.64,35.03,150,18040,23.79,7.17
8/27/2017 07:36,7.47,425,21,992,16.53,39.69,143,29889,22.2,6.86
8/27/2017 07:37,7.18,521,26.83,1051,17.51,43.47,123,15241,24.2,6.65
8/27/2017 07:38,6.44,570,29.41,905,15.08,52.37,125,14925,24.6,5.87
8/27/2017 07:39,6.5,504,25.91,848,14.13,40.83,119,27225,18.39,5.95
8/27/2017 07:40,6.82,557,29.08,804,13.39,35.47,147,15783,20.2,6.08
8/27/2017 07:41,6.11,557,29,765,12.75,30.4,122,13448,15.6,5.72
8/27/2017 07:42,7.49,558,28.76,902,15.03,49.57,161,29365,23.2,6.83
8/27/2017 07:43,6.46,471,23.06,875,14.58,34.49,133,14344,23.6,6.04
8/27/2017 07:44,8.9,560,27.43,1221,20.35,40.82,165,20735,30.39,8.3
8/27/2017 07:45,8.89,515,25.76,1229,20.48,40.54,151,32289,25.6,8.24
8/27/2017 07:46,7.82,596,30.66,1134,18.89,42.85,124,17355,31,7.08
8/27/2017 07:47,9.01,667,34.15,1274,21.23,33.61,154,19768,30.79,8.57
8/27/2017 07:48,8.99,580,28.89,1318,21.96,40.07,132,31750,30.79,8.42
8/27/2017 07:49,9.75,477,23.29,1637,27.28,43.03,111,20422,39,9.19
8/27/2017 07:50,10.55,1247,66.86,1669,27.81,39.83,163,22168,42.2,9.48
8/27/2017 07:51,11.52,917,47.16,1412,23.53,48.88,186,149177,38.2,10.42
8/27/2017 07:52,8.16,628,31.66,1119,18.64,49.65,180,18583,30.2,7.67
8/27/2017 07:53,7.73,757,39.26,1078,17.96,61.76,179,19133,27.2,7
8/27/2017 07:54,9.57,836,42.36,1127,18.78,59.95,201,32405,28.39,8.96
8/27/2017 07:55,9.15,829,41.83,1175,19.57,53.43,200,20280,27.39,8.63
8/27/2017 07:56,8.18,750,38.53,1122,18.7,50.65,204,19816,36,7.29
8/27/2017 07:57,7.25,672,33.93,930,15.5,54,163,28583,21,6.85
8/27/2017 07:58,7.61,781,40.59,1057,17.61,50.13,182,16408,27.6,6.82
8/27/2017 07:59,6.62,745,38.04,820,13.66,44.07,184,17707,18.39,6.12
8/27/2017 08:00,8.33,638,32.13,956,15.93,74.06,190,43337,24.2,7.38
8/27/2017 08:01,7.68,616,30.58,1042,17.36,52.88,170,16897,26.6,7.12
8/27/2017 08:02,6.78,611,29.78,901,15.01,53.56,162,15057,24.2,6.13
8/27/2017 08:03,8.25,806,40.72,1145,19.07,32.03,161,30171,26.2,7.41
8/27/2017 08:04,8.23,726,36.29,1234,20.56,62.38,164,17805,29,7.73
8/27/2017 08:05,8.73,536,27.29,1227,20.45,64.91,172,19188,28.6,8.03
8/27/2017 08:06,8.52,548,27.58,1064,17.73,57.82,160,31293,22,7.51
8/27/2017 08:07,7.75,634,31.81,1023,17.04,56.25,176,18617,25.39,7.27
8/27/2017 08:08,7.41,626,30.14,1002,16.7,44.69,129,15777,20,7.05
8/27/2017 08:09,9.97,663,32.79,1480,24.66,44.57,144,34553,30.79,9.21
8/27/2017 08:10,9.42,744,37.78,1446,24.1,49.31,135,20018,32.79,8.83
8/27/2017 08:11,9.47,811,40.84,1557,25.95,59.39,157,20829,34.79,8.66
8/27/2017 08:12,8.96,850,42.98,1354,22.56,51.04,140,31331,27.2,8.25
8/27/2017 08:13,10.05,748,37.63,1503,25.04,51.61,133,20437,31.6,9.46
8/27/2017 08:14,9.65,732,36.4,1443,24.04,60.42,151,20852,31.39,9.11
8/27/2017 08:15,10.03,627,30.91,1442,24.03,53.33,157,33847,33,8.9
8/27/2017 08:16,7.91,610,30.83,1168,19.46,54.97,114,16801,26.2,7.62
8/27/2017 08:17,8.63,540,26.96,1220,20.32,46.71,140,17788,25,7.81
8/27/2017 08:18,10.79,896,47.11,1509,25.14,51.07,183,34700,33.79,9.97
8/27/2017 08:19,8.56,775,39.63,1341,22.35,45.86,157,18045,31.2,7.95
8/27/2017 08:20,8.1,820,41.96,1158,19.29,35.57,160,18582,25.2,7.39
8/27/2017 08:21,11.31,751,37.46,1693,28.21,64.67,186,37923,44.4,10.66
8/27/2017 08:22,11.73,747,37.53,1800,30,61.62,177,25015,40.79,11.17
8/27/2017 08:23,13.08,747,37.43,2072,34.53,49.37,184,25543,48.2,12.43
8/27/2017 08:24,11.13,785,39.29,1540,25.66,50.56,183,35413,37.59,10.38
8/27/2017 08:25,9.15,780,38.79,1303,21.71,53.03,169,19661,28,8.58
8/27/2017 08:26,9.89,596,28.96,1228,20.46,59.73,192,21745,26.6,9.27
8/27/2017 08:27,10.07,838,42.06,1320,22,50.78,199,35615,32,9.22
8/27/2017 08:28,9.5,727,36.2,1513,25.21,63.48,168,21899,38.59,8.73
8/27/2017 08:29,9.57,842,43.4,1505,25.08,54.43,161,21824,35.59,8.91
8/27/2017 08:30,9.34,993,51.46,1216,20.26,41.19,186,34324,28.79,8.4
8/27/2017 08:31,7.59,618,30.63,1083,18.04,55.63,137,16486,25.39,7.13
8/27/2017 08:32,8.86,747,38.33,1375,22.91,71.22,145,20691,32.2,8.17
8/27/2017 08:33,10.11,655,32.65,1571,26.18,47.85,133,34027,32.4,9.58
8/27/2017 08:34,10.56,819,42.29,1731,28.85,55.61,155,23154,36.79,9.77
8/27/2017 08:35,10.78,792,40.29,1809,30.14,52.03,171,23712,41.59,10.09
8/27/2017 08:36,10.44,649,32.61,1736,28.93,51.41,147,34161,40.79,9.85
8/27/2017 08:37,9.83,572,29.1,1783,29.71,71.14,121,21537,37,9.21
8/27/2017 08:38,9.08,683,35.47,1511,25.18,42.95,167,19652,33.2,8.49
8/27/2017 08:39,10.32,884,44.81,1533,25.54,59.93,147,32960,40.2,9.56
8/27/2017 08:40,9.73,848,43.59,1502,25.03,64.5,146,21250,36.4,8.91
8/27/2017 08:41,9.03,629,31.7,1405,23.41,53.44,150,19360,29,8.47
8/27/2017 08:42,9.25,691,36.33,1342,22.36,50.33,131,32339,31.2,8.4
8/27/2017 08:43,9.67,852,44.43,1416,23.6,48.79,141,20285,31,9.13
8/27/2017 08:44,8.36,800,40.83,1266,21.1,54.59,112,18663,26.2,7.61
8/27/2017 08:45,10.92,684,34.9,1652,27.53,63.32,147,36547,35.59,10.06
8/27/2017 08:46,10.93,569,28.21,1757,29.28,59.91,112,21363,36.79,10.28
8/27/2017 08:47,10.97,817,41.28,1690,28.16,53.75,172,22947,35.2,10.14
8/27/2017 08:48,11.57,890,44.23,1723,28.71,63.21,171,36627,37.79,10.82
8/27/2017 08:49,11.27,708,35.18,1692,28.2,58.92,155,23369,34,10.61
8/27/2017 08:50,12.42,1328,70.58,1931,32.18,66.09,180,26909,46,11.44
8/27/2017 08:51,12.07,1001,50.58,1954,32.56,70.61,184,39078,43.4,11.5
8/27/2017 08:52,10.61,844,42.96,1674,27.89,79.37,195,24147,34.4,9.85
8/27/2017 08:53,11.26,715,35.46,1624,27.06,67.45,204,25654,38.2,10.63
8/27/2017 08:54,9.92,789,40.65,1381,23.01,70.39,235,33752,35.79,9.22
8/27/2017 08:55,7.76,610,30.83,939,15.64,67.76,155,17867,25,6.93
8/27/2017 08:56,9.3,715,36,1338,22.29,59.01,180,19811,30,8.6
8/27/2017 08:57,9.18,782,38.83,1338,22.29,58.36,160,31820,33.4,8.53
8/27/2017 08:58,11.33,700,34.83,1748,29.13,47.12,172,23625,37,10.5
8/27/2017 08:59,12.8,793,40.15,2020,33.65,51.87,229,28057,48.59,12.03
8/27/2017 09:00,13.26,1267,67.16,1896,31.6,77.04,196,39786,47,11.89
8/27/2017 09:01,13.08,1038,51.66,1913,31.88,46.31,173,25928,45,12.75
8/27/2017 09:02,12.57,848,42,2132,35.53,61.37,177,25955,46.79,11.5
8/27/2017 09:03,12.21,1119,56.16,1874,31.23,47,170,38116,42,11.08
8/27/2017 09:04,10.13,1122,56.16,1607,26.78,47.57,143,23010,34.59,9.72
8/27/2017 09:05,10.85,1064,53.66,1506,25.1,72.13,170,24193,38.59,9.78
8/27/2017 09:06,12.91,874,43,2147,35.78,58.76,153,39965,47,12.32
8/27/2017 09:07,12.98,1128,57,2235,37.25,62.79,154,25779,46.4,12.17
8/27/2017 09:08,10.37,927,45.83,1764,29.39,49.66,161,21708,49.2,9.75
8/27/2017 09:09,9.83,899,44.66,1465,24.41,72.17,129,33163,32.79,9.4
8/27/2017 09:10,9,1233,66.16,1331,22.18,56.06,99,17610,37.59,7.85
8/27/2017 09:11,9.53,907,45.95,1502,25.03,65.02,149,20524,31,9
8/27/2017 09:12,10.49,931,47.36,1633,27.21,81.73,148,34253,34.4,9.77
8/27/2017 09:13,9.86,860,44.04,1511,25.18,63.72,185,23405,31.79,9.15
8/27/2017 09:14,10.09,963,49.15,1623,27.04,71.09,162,22030,39.79,9.39
8/27/2017 09:15,12.53,1214,62.03,1912,31.86,71.22,155,37951,41.4,11.75
8/27/2017 09:16,12.86,1021,50.9,2080,34.65,68.72,197,29003,41.59,12.3
8/27/2017 09:17,11.56,995,49.61,1905,31.75,84.23,155,23831,40.59,10.8
8/27/2017 09:18,11.13,932,46.4,1795,29.91,68.48,152,35171,40.2,10.48
8/27/2017 09:19,10.34,978,48.78,1690,28.16,84.2,178,22529,39,9.27
8/27/2017 09:20,11.1,1551,78.94,1593,26.54,70.73,204,24241,39.2,10.3
8/27/2017 09:21,10.03,979,47.58,1546,25.76,52.49,152,32514,35.2,9.52
8/27/2017 09:22,11.28,867,43.31,1681,28.01,91.07,205,24801,39.59,10.43
8/27/2017 09:23,10.19,765,38.15,1582,26.36,73.65,164,22404,36.79,9.47
8/27/2017 09:24,11.71,913,45.65,1663,27.71,71.67,201,37549,36,11.1
8/27/2017 09:25,10.48,701,34.76,1632,27.2,59.15,174,22832,34.59,9.76
8/27/2017 09:26,11.28,825,41.91,1665,27.75,73.81,192,24875,38,10.53
8/27/2017 09:27,11.35,723,36.68,1503,25.04,71.93,198,36647,39.79,10.83
8/27/2017 09:28,8.16,635,32.06,1118,18.63,47.02,175,19059,23.2,7.57
8/27/2017 09:29,9.89,635,32.13,1363,22.71,82.23,184,23004,31.79,9.24
8/27/2017 09:30,10.24,957,50.9,1462,24.36,56.09,163,34463,35,9.21
8/27/2017 09:31,12.23,939,48.59,1872,31.2,74.73,237,29325,40.4,11.45
8/27/2017 09:32,10.19,900,45.79,1557,25.95,68.68,195,23802,34.4,9.58
8/27/2017 09:33,11.24,941,46.9,1542,25.7,87.17,187,36916,37.2,10.32
8/27/2017 09:34,11.26,1170,59.06,1794,29.89,81.02,199,25356,42.59,10.6
8/27/2017 09:35,12.74,1083,54.43,2008,33.46,64.18,215,27568,47,11.8
8/27/2017 09:36,11.59,933,45.29,1809,30.14,75.4,172,37710,37.4,10.98
8/27/2017 09:37,9.5,782,38.46,1423,23.71,72.7,184,22486,29.2,8.81
8/27/2017 09:38,11.85,842,42.36,1908,31.79,87.1,219,27521,40.2,11.11
8/27/2017 09:39,12.92,907,45.63,1877,31.28,84.05,249,39632,39.79,12.02
8/27/2017 09:40,11.14,1230,62.29,1591,26.51,71.83,221,25190,44.79,10.18
8/27/2017 09:41,11.01,859,43,1735,28.91,67.68,176,24286,39.4,10.16
8/27/2017 09:42,12.25,881,44.53,1911,31.85,62.89,177,39628,47.4,11.54
8/27/2017 09:43,13.32,934,47.13,2101,35.01,87.89,189,30443,46,12.63
8/27/2017 09:44,11.67,850,41.7,1921,32.01,91.99,210,26983,41.4,10.97
8/27/2017 09:45,11.42,834,41.23,1685,28.08,68.27,185,37640,34.59,10.65
8/27/2017 09:46,11.2,637,31.5,1660,27.66,61.14,196,26058,36,10.5
8/27/2017 09:47,11.41,1235,65.13,1774,29.56,115,201,25030,35,10.51
8/27/2017 09:48,12.29,845,41.93,1863,31.04,61.35,177,39691,39.79,11.56
8/27/2017 09:49,12.75,947,48.26,2094,34.9,69.18,189,27997,46.2,11.75
8/27/2017 09:50,12.21,1214,63.86,1856,30.93,70.94,228,26972,52,11.13
8/27/2017 09:51,13.14,970,48.81,2114,35.22,89.41,221,40972,42.79,12.55
8/27/2017 09:52,12.52,1099,55.86,2014,33.56,79.3,178,27244,45,11.69
8/27/2017 09:53,12.15,787,38.63,1975,32.9,87.74,203,28427,40.59,11.33
8/27/2017 09:54,12.43,780,39.5,1866,31.1,95.51,201,40907,39.2,11.56
8/27/2017 09:55,13.56,966,47.25,2034,33.9,93.13,239,30668,45,12.69
8/27/2017 09:56,12.22,1052,52.04,1911,31.85,94.48,226,28521,41.59,11.2
8/27/2017 09:57,11.91,958,47.01,1901,31.68,96.55,173,37942,42.79,11.03
8/27/2017 09:58,11.32,774,37.93,1732,28.86,80.68,186,26707,34,10.6
8/27/2017 09:59,11.87,859,43.28,1979,32.97,75.47,173,26693,44.2,10.86
8/27/2017 10:00,13.49,1290,67.3,1937,32.28,71.36,315,44509,49.4,12.29
8/27/2017 10:01,12.32,843,42.7,1769,29.48,86.53,368,42104,46.2,11.54
8/27/2017 10:02,13.41,810,40.33,2037,33.95,82.21,277,31795,45.4,12.95
8/27/2017 10:03,11.66,769,38.43,1816,30.26,83.39,173,37424,46.59,10.86
8/27/2017 10:04,10.28,716,36.03,1721,28.68,78.68,163,23639,41.4,9.34
8/27/2017 10:05,11.09,725,35.83,1846,30.76,88.89,187,25312,38.4,10.46
8/27/2017 10:06,11.77,920,44.73,1903,31.71,89.99,178,38975,43.59,10.9
8/27/2017 10:07,10.88,1042,50.56,1812,30.2,112,178,23250,42.4,10.11
8/27/2017 10:08,12.72,1005,49.33,1909,31.81,73.27,210,29208,44.79,12.05
8/27/2017 10:09,11.61,893,43.63,1768,29.46,93.19,191,38057,39.4,11
8/27/2017 10:10,13.06,1554,81.33,1987,33.11,94.88,203,26323,46.79,11.73
8/27/2017 10:11,12.05,1335,65.66,2043,34.04,91.64,190,24578,46.4,11.68
8/27/2017 10:12,11.56,874,43.09,1767,29.45,86.84,198,35660,38,10.85
8/27/2017 10:13,10.24,1012,49.96,1696,28.26,107,178,22632,35.79,9.07
8/27/2017 10:14,11.67,1035,51.46,1974,32.9,79.61,173,24695,41.4,11.21
8/27/2017 10:15,13.98,954,47.42,2364,39.4,93.4,172,41706,49,12.95
8/27/2017 10:16,13.45,987,49.36,2233,37.21,81.44,196,28882,54.79,12.39
8/27/2017 10:17,15.24,1041,50.9,2533,42.21,80.18,251,34160,51.79,14.71
8/27/2017 10:18,13.5,924,45,2301,38.34,84.18,202,42283,47.79,12.82
8/27/2017 10:19,14.4,729,35.53,2415,40.25,69.8,177,30702,50.79,13.61
8/27/2017 10:20,15.63,1619,85.16,2411,40.18,67.98,217,31665,69.8,14.2
8/27/2017 10:21,14.69,1462,73.5,2314,38.56,80.04,221,43776,48.79,14.27
8/27/2017 10:22,13.81,1632,82.33,2042,34.03,87.37,229,28520,49.4,12.81
8/27/2017 10:23,15.12,1077,52.66,2406,40.09,88.92,216,33582,58,14.45
8/27/2017 10:24,16.22,1203,58.08,2526,42.09,94.89,204,46583,51.4,15.22
8/27/2017 10:25,13.84,1244,60.91,2296,38.26,92.51,177,29029,46,13.03
8/27/2017 10:26,12.98,812,38,2007,33.45,89.35,193,27190,42,12.5
8/27/2017 10:27,13.2,979,48.08,2018,33.63,77.51,175,38721,46.79,12.13
8/27/2017 10:28,13.53,779,37.9,2116,35.26,89.44,213,29262,43.59,12.9
8/27/2017 10:29,13.57,866,43.33,1991,33.18,64.28,199,29297,43.2,12.78
8/27/2017 10:30,14.73,1722,90.33,2076,34.59,100,244,44143,56.79,13.15
8/27/2017 10:31,14.25,1628,82,2354,39.22,92.37,204,30538,54,13.84
8/27/2017 10:32,13.07,840,41,1915,31.91,76.34,227,28773,46,12.09
8/27/2017 10:33,13.13,946,47.08,2052,34.2,78.54,194,40293,45.2,12.4
8/27/2017 10:34,11.25,927,45.68,1681,28.01,89.15,212,23843,47,10.56
8/27/2017 10:35,12.03,979,47.7,1784,29.73,68.28,206,25543,45.4,11.09
8/27/2017 10:36,11.47,1069,53.4,1720,28.66,77.73,214,37169,35.59,10.74
8/27/2017 10:37,11.77,1105,55.29,1690,28.16,89.79,229,25819,40.2,11.05
8/27/2017 10:38,11.49,986,48.56,1643,27.38,95.12,234,26841,38,10.88
8/27/2017 10:39,11.49,1080,53.66,1539,25.64,107,252,37675,36.79,10.67
8/27/2017 10:40,10.32,1235,62.5,1363,22.71,110,240,24264,38.79,9.36
8/27/2017 10:41,12.69,1339,67.43,2037,33.95,115,230,28103,47.4,11.9
8/27/2017 10:42,12.89,1114,55.2,1977,32.95,96.42,242,42426,44.4,12.16
8/27/2017 10:43,14.03,1136,55.76,2246,37.43,106,225,30703,52.4,13.18
8/27/2017 10:44,14.16,948,45.93,2339,38.97,78.36,212,31202,51.59,13.51
8/27/2017 10:45,14.05,1014,49.33,2095,34.9,105,236,41688,47.4,12.93
8/27/2017 10:46,14.09,1120,54.9,2132,35.53,121,257,32081,47,13.17
8/27/2017 10:47,14.78,1324,65.83,2352,39.2,118,317,34315,51.59,13.87
8/27/2017 10:48,12.82,1313,63.26,1799,29.98,107,224,41461,49.59,12.03
8/27/2017 10:49,12,1420,69.83,1880,31.33,132,235,28213,42.79,11.21
8/27/2017 10:50,12.46,1514,77.61,1743,29.04,108,209,27825,56.79,11.37
8/27/2017 10:51,13.02,1307,65.08,2003,33.38,108,257,42114,44.2,12.18
8/27/2017 10:52,13.96,1104,53.71,2287,38.11,93.32,231,30145,53.79,13.08
8/27/2017 10:53,12.67,1125,55.58,1938,32.29,88.12,238,28856,37.79,11.68
8/27/2017 10:54,13.8,1182,59.13,2215,36.9,93.06,228,44076,49.79,13
8/27/2017 10:55,11.99,1293,64.09,1699,28.31,125,229,26115,44.79,11.06
8/27/2017 10:56,10.02,983,47.54,1381,23.01,106,246,23910,32.79,9.32
8/27/2017 10:57,12.43,1317,65.84,1803,30.04,105,242,40153,41.4,11.52
8/27/2017 10:58,11.26,1236,61.38,1805,30.08,112,214,25448,45.4,10.4
8/27/2017 10:59,14.78,1071,51.79,2406,40.09,107,262,31881,83,14.09
8/27/2017 11:00,20.37,1754,91.23,3250,54.16,105,246,49234,84.19,19.01
8/27/2017 11:01,13.79,1600,80.19,2333,38.88,92.95,253,30482,61.4,13.24
8/27/2017 11:02,14.91,1022,49.45,2538,42.29,104,245,30106,73.4,14.12
8/27/2017 11:03,19.09,1210,59.01,3074,51.23,99,282,48120,77.59,18.07
8/27/2017 11:04,17.91,1194,58.93,2889,48.15,101,223,31291,76,16.8
8/27/2017 11:05,12.06,1072,51.86,1862,31.03,128,230,28082,41.79,11.15
8/27/2017 11:06,11.22,992,47.76,1627,27.11,92.45,226,37531,36.4,10.41
8/27/2017 11:07,11.3,1096,53,1758,29.29,117,238,26134,38.79,10.44
8/27/2017 11:08,17.05,1116,55.59,2818,46.96,94.18,259,35484,89,16.13
8/27/2017 11:09,17.64,1340,66.33,2787,46.45,102,236,45992,72.8,16.92
8/27/2017 11:10,16.66,2175,111,2553,42.54,98.07,290,33119,78.19,15.16
8/27/2017 11:11,12.16,1961,96,1811,30.18,107,256,27254,40.4,11.72
8/27/2017 11:12,13.73,1285,61.06,2043,34.04,109,267,43908,51.4,13.05
8/27/2017 11:13,15.55,1151,52.93,2556,42.59,134,251,32917,70.4,14.79
8/27/2017 11:14,13.35,1081,51.96,2216,36.93,109,288,31180,46,12.62
8/27/2017 11:15,17.36,1285,62.06,2455,40.9,112,270,51725,52.2,16.35
8/27/2017 11:16,14.5,1355,66.53,2256,37.59,83.96,230,33353,49.4,13.77
8/27/2017 11:17,13.54,1270,62.38,2225,37.08,136,248,30047,56.59,12.74
8/27/2017 11:18,13.13,1397,68.18,1958,32.63,113,267,42527,47.2,12.47
8/27/2017 11:19,11.49,1568,79.38,1728,28.79,120,261,25861,35.2,10.54
8/27/2017 11:20,10.58,1170,56.65,1600,26.66,114,215,23769,35.2,9.8
8/27/2017 11:21,13.24,1191,58.25,1943,32.38,110,282,43667,42,12.54
8/27/2017 11:22,11.64,1294,65.51,1795,29.91,97.76,266,28057,38.59,10.61
8/27/2017 11:23,15.38,1231,59.46,2421,40.34,124,294,32501,74.59,14.62
8/27/2017 11:24,13.19,1170,56.96,1964,32.72,126,270,41982,45.59,12.2
8/27/2017 11:25,13.84,1474,73.63,2158,35.96,127,259,31303,48.59,12.94
8/27/2017 11:26,13.89,1380,68.66,2180,36.33,108,294,31066,46.2,13.11
8/27/2017 11:27,13.9,1572,79.34,2092,34.86,145,263,43319,46.59,12.91
8/27/2017 11:28,13.45,1398,68.84,2199,36.65,107,270,30176,45.59,12.8
8/27/2017 11:29,12.1,1194,57.86,1962,32.7,109,218,26506,44.2,11.44
8/27/2017 11:30,13.23,1511,76.76,1809,30.14,90.52,224,40915,56.79,12.07
8/27/2017 11:31,12.32,1278,62.33,1955,32.58,79.18,217,27576,40.79,11.78
8/27/2017 11:32,11.18,1104,53.66,1734,28.89,86.89,214,24792,40.59,10.44
8/27/2017 11:33,10.24,1086,52.66,1399,23.31,144,276,38354,41.2,9.46
8/27/2017 11:34,13.3,1413,69.33,2122,35.36,105,259,29692,46.59,12.39
8/27/2017 11:35,14.64,1507,73.83,2354,39.22,108,259,32334,81.4,13.58
8/27/2017 11:36,19.47,1476,72,3124,52.06,105,253,49184,87.59,18.78
8/27/2017 11:37,19.67,1599,77,3286,54.76,104,244,37404,73.59,18.75
8/27/2017 11:38,23.41,1494,71.66,3916,65.26,117,255,39144,95,22.39
8/27/2017 11:39,23.79,1554,75,3875,64.58,132,267,54363,87.19,23.26
8/27/2017 11:40,19.51,2142,107,3078,51.29,108,239,40677,77,18.45
8/27/2017 11:41,16.17,1698,81.83,2839,47.31,108,206,33780,74.59,15.69
8/27/2017 11:42,17.82,1257,60.16,2788,46.46,100,237,47022,69.59,17
8/27/2017 11:43,21.74,1266,60.2,3823,63.71,110,267,39512,87.59,21.25
8/27/2017 11:44,16.11,1502,74,2757,45.95,121,229,33999,92.4,15.22
8/27/2017 11:45,23.14,1421,69.98,3719,61.98,97.64,248,55849,93.19,21.98
8/27/2017 11:46,23.05,1413,68.36,3735,62.25,126,280,45819,89.8,22.33
8/27/2017 11:47,18.8,1172,56.44,3201,53.34,115,223,34384,82.19,18.02
8/27/2017 11:48,13.75,1300,64,2206,36.76,96.03,239,43944,48.2,12.81
8/27/2017 11:49,18.19,1498,73.44,2906,48.43,87.23,261,35234,72.8,17.44
8/27/2017 11:50,14.97,1446,73.83,2389,39.81,119,222,31554,81.19,13.86
8/27/2017 11:51,22.85,1150,56.45,3750,62.5,80.22,240,52759,80.59,21.86
8/27/2017 11:52,15.44,1477,73.53,2385,39.75,116,264,32357,74.4,14.79
8/27/2017 11:53,16.59,1071,51.18,2709,45.15,83.97,209,31045,79.4,15.78
8/27/2017 11:54,22.81,1347,66.94,3741,62.34,104,246,52317,85.8,21.73
8/27/2017 11:55,21.58,1382,66.86,3504,58.4,90.76,289,42480,85.8,20.62
8/27/2017 11:56,15.3,1301,63.73,2522,42.03,100,262,32659,71.59,14.62
8/27/2017 11:57,22.54,1433,70.91,3770,62.83,128,292,54343,80,21.54
8/27/2017 11:58,17.01,1446,71.36,2827,47.11,103,236,32001,82.59,16.05
8/27/2017 11:59,13.54,1505,73.9,1955,32.58,133,333,31642,42.79,12.84
8/27/2017 12:00,12.32,1759,89,1928,32.13,106,233,38755,52.2,11.18
8/27/2017 12:01,23.04,1498,73.06,4030,67.16,112,269,42744,88.19,22.12
8/27/2017 12:02,21.84,1410,70.06,3812,63.53,109,247,39908,77.59,20.86
8/27/2017 12:03,18.46,1668,84.73,3044,50.73,108,271,47735,82.4,17.39
8/27/2017 12:04,17.5,1710,85.69,2875,47.91,113,283,36477,83.59,16.77
8/27/2017 12:05,13.36,1429,71.06,2296,38.26,126,238,29814,51.2,12.42
8/27/2017 12:06,24.65,1249,62.09,4415,73.58,104,249,55224,92.19,23.54
8/27/2017 12:07,24.95,1582,78.95,4508,75.13,121,289,46446,96.19,24.05
8/27/2017 12:08,23.36,1702,84.66,4077,67.94,117,251,41863,89.19,22.38
8/27/2017 12:09,22.81,1644,81.48,3672,61.2,95.65,216,51453,94.59,22.26
8/27/2017 12:10,15.92,1698,85.44,2511,41.84,101,228,33608,63,14.81
8/27/2017 12:11,22.06,1451,72.41,3579,59.65,104,238,40963,88.4,20.99
8/27/2017 12:12,18.8,1685,85.43,3132,52.2,99.22,261,48612,83.59,17.94
8/27/2017 12:13,22.6,1496,74,3503,58.38,123,347,46001,92.19,22.11
8/27/2017 12:14,14.08,1322,66.05,2218,36.96,105,237,30820,52.2,13.09
8/27/2017 12:15,14.35,1361,67.81,2286,38.09,120,265,44561,48.59,13.6
8/27/2017 12:16,23.8,1298,64.33,4048,67.45,95.29,238,39114,85.19,22.97
8/27/2017 12:17,23.01,1187,58.08,4013,66.88,90.25,264,40713,88.4,22.34
8/27/2017 12:18,24.44,1336,67.59,4099,68.31,97.86,269,54689,88,23.46
8/27/2017 12:19,23.46,1175,58.26,4018,66.95,99.54,256,42651,84.4,22.48
8/27/2017 12:20,15.13,2019,107,2312,38.53,103,266,34082,58.59,13.56
8/27/2017 12:21,17.25,1831,92.13,2642,44.03,97.97,270,48966,65.4,16.79
8/27/2017 12:22,16.14,1297,64.61,2570,42.83,118,273,34831,62.79,15.2
8/27/2017 12:23,13.52,1203,59.33,2303,38.38,105,257,30645,58.2,13.03
8/27/2017 12:24,14.02,1160,56.93,2150,35.83,112,249,42635,57,13.11
8/27/2017 12:25,15.51,1299,65.36,2556,42.59,117,256,33775,62.59,14.7
8/27/2017 12:26,16.54,1275,63.73,2730,45.5,114,276,37045,58.79,15.62
8/27/2017 12:27,19.48,1137,56.09,3272,54.53,93.88,238,53647,64.4,18.66
8/27/2017 12:28,17.8,1021,51.23,3054,50.9,98.82,214,38020,72.59,16.66
8/27/2017 12:29,15.77,1237,63.36,2705,45.08,110,225,34623,71.8,14.68
8/27/2017 12:30,16.23,1568,79.93,2715,45.25,92.33,246,47345,67.8,15.26
8/27/2017 12:31,17.57,1127,55.79,3058,50.96,113,247,38355,65.4,16.88
8/27/2017 12:32,15.8,1151,57.09,2732,45.53,119,270,36820,65.8,14.87
8/27/2017 12:33,17.07,1438,73.26,2758,45.96,92.86,296,48567,73.59,16.12
8/27/2017 12:34,16.05,1287,64.06,2808,46.79,111,350,38145,60.79,15.2
8/27/2017 12:35,17.44,1342,67.4,2902,48.36,107,372,38940,64.59,16.43
8/27/2017 12:36,14.9,1342,67.86,2375,39.58,106,300,44854,50.79,13.97
8/27/2017 12:37,13.19,961,46.31,2161,36.01,122,311,32114,56.59,12.71
8/27/2017 12:38,13.9,1104,54.33,2272,37.86,102,344,31293,56.2,13.06
8/27/2017 12:39,16.82,981,48.08,2745,45.75,117,354,48588,55.59,15.91
8/27/2017 12:40,17.37,1405,70.58,2919,48.65,118,374,38965,77.4,16.45
8/27/2017 12:41,16.69,1643,82.25,2813,46.88,129,343,37454,63.2,15.9
8/27/2017 12:42,15.42,1280,62.16,2542,42.36,133,319,47811,53.4,14.66
8/27/2017 12:43,14.77,1280,63.83,2435,40.58,111,331,33176,56.4,13.9
8/27/2017 12:44,15.64,1146,57.08,2603,43.38,120,350,37119,55.59,14.76
8/27/2017 12:45,13.04,1305,65.58,2247,37.45,106,267,41961,53.2,12.04
8/27/2017 12:46,14.05,1037,51,2486,41.43,78.7,292,30916,50.59,13.42
8/27/2017 12:47,12.05,1103,55.66,2224,37.06,97.85,317,28900,44,11.28
8/27/2017 12:48,15.17,1210,61.16,2495,41.58,120,315,49097,61,14.38
8/27/2017 12:49,14.25,1025,49.75,2328,38.79,103,295,31298,60.59,13.51
8/27/2017 12:50,14.7,1228,61.66,2128,35.46,116,324,34148,71.4,13.48
8/27/2017 12:51,14.45,1179,58.41,2165,36.08,122,351,44343,46.4,13.62
8/27/2017 12:52,15.06,1682,85.55,2426,40.43,105,310,31601,58,14.02
8/27/2017 12:53,15.14,1300,64.03,2479,41.31,112,269,31971,54,14.5
8/27/2017 12:54,15.44,1078,53.09,2382,39.7,117,329,48293,50,14.55
8/27/2017 12:55,26.32,1416,69.83,4335,72.25,117,309,43359,92.19,24.8
8/27/2017 12:56,27.37,1419,69.33,4657,77.61,124,332,47776,94.59,26.46
8/27/2017 12:57,29.18,1409,68.95,5011,83.51,118,320,62231,103,28.05
8/27/2017 12:58,29.64,1212,58.4,4973,82.88,103,278,51528,104,29.01
8/27/2017 12:59,22.35,1374,68.26,3789,63.15,99.41,282,41117,101,21.16
8/27/2017 13:00,27.7,1772,89.83,4506,75.09,112,327,57840,126,26.42
8/27/2017 13:01,20.03,1533,75.06,3310,55.16,117,267,45037,86.4,19.22
8/27/2017 13:02,14.26,1235,61.63,2488,41.46,120,276,30581,57.59,13.45
8/27/2017 13:03,16.78,1139,56.26,2620,43.66,112,303,49839,58,15.87
8/27/2017 13:04,22.76,1121,54.93,3876,64.59,112,214,40714,96,21.96
8/27/2017 13:05,25.31,1329,65.95,4157,69.28,112,339,45911,93.19,24.04
8/27/2017 13:06,16.48,1299,63.03,2761,46.01,121,300,47683,58.79,15.74
8/27/2017 13:07,13.97,1512,77.53,2234,37.22,128,285,28488,46.79,12.77
8/27/2017 13:08,21.1,1093,53.86,3691,61.51,93.78,257,39062,89,20.3
8/27/2017 13:09,14.96,1225,61.68,2464,41.06,89.24,275,44552,53,14.11
8/27/2017 13:10,15.83,1483,76.11,2500,41.66,116,267,35095,77,14.5
8/27/2017 13:11,14.01,1533,75.94,2317,38.61,120,293,30980,58.59,13.33
8/27/2017 13:12,14.96,1434,71.06,2394,39.9,150,331,46134,54.4,13.89
8/27/2017 13:13,15.04,1893,96.98,2564,42.73,124,316,34953,55,13.97
8/27/2017 13:14,13.57,1401,70.2,2245,37.4,134,305,31221,48.2,12.91
8/27/2017 13:15,14.83,1246,63.38,2453,40.88,115,287,44884,51.4,13.63
8/27/2017 13:16,12.69,1300,67.11,2101,35.01,105,250,27922,48.79,11.53
8/27/2017 13:17,12.91,1186,60.93,2173,36.21,121,280,30446,45.2,11.96
8/27/2017 13:18,14.48,1413,72.01,2174,36.22,102,335,46049,46.2,13.57
8/27/2017 13:19,13.92,1376,68.84,2453,40.88,90.39,282,30850,51.4,13.08
8/27/2017 13:20,13.61,1156,57.71,2295,38.25,105,273,31103,55.79,12.63
8/27/2017 13:21,16.18,1286,65.36,2858,47.63,116,302,47862,65.19,15.11
8/27/2017 13:22,15.54,1207,60.29,2716,45.26,106,274,34893,59.2,14.8
8/27/2017 13:23,14.54,1049,51.59,2341,39.01,95.75,286,31906,58,13.58
8/27/2017 13:24,15.7,990,48.26,2634,43.9,101,308,46345,65.4,14.88
8/27/2017 13:25,14.71,1174,58.13,2553,42.54,128,297,34661,57.2,13.51
8/27/2017 13:26,15.49,1369,68.83,2601,43.34,109,286,33782,66.4,14.28
8/27/2017 13:27,15.7,1307,65.3,2533,42.21,104,306,48630,63.2,14.92
8/27/2017 13:28,14.22,1255,62.96,2484,41.4,113,261,31033,55.59,13.1
8/27/2017 13:29,16.7,1484,74.09,2742,45.7,128,345,38960,53.79,15.48
8/27/2017 13:30,15.59,1837,93.13,2392,39.86,98.24,319,47210,78.19,14.07
8/27/2017 13:31,13.67,1351,65.93,2311,38.51,107,293,33036,49.4,13.08
8/27/2017 13:32,15.12,1040,49.83,2601,43.34,100,313,33483,53.2,14.14
8/27/2017 13:33,17.64,1163,56.33,2902,48.36,119,348,53455,62.4,16.72
8/27/2017 13:34,15.34,997,48.63,2495,41.58,99.87,281,32666,56.2,14.31
8/27/2017 13:35,13.59,978,48.27,2194,36.56,90.71,313,31638,48,12.2
8/27/2017 13:36,14.38,1297,64.91,2342,39.03,94.35,358,47444,49.2,12.9
8/27/2017 13:37,15.73,1446,70.98,2580,43,127,375,36318,51.59,14.83
8/27/2017 13:38,16.05,1620,79.41,2639,43.98,112,331,37545,55,14.94
8/27/2017 13:39,15.94,1392,66.91,2657,44.28,104,300,47930,54.59,15.14
8/27/2017 13:40,14.81,2152,110,2264,37.72,115,290,32217,57.59,12.91
8/27/2017 13:41,15.95,1694,80.73,2610,43.5,142,336,36617,58.59,15.26
8/27/2017 13:42,15.05,1331,64.78,2505,41.75,132,347,46866,50.2,13.9
8/27/2017 13:43,15.22,1396,68.19,2610,43.5,117,361,34687,53.79,14.35
8/27/2017 13:44,15.91,1528,74.66,2675,44.58,129,353,37552,52,14.98
8/27/2017 13:45,16.92,1752,86.28,2809,46.81,119,368,51905,67.19,15.4
8/27/2017 13:46,17.47,1735,84.43,2996,49.93,144,360,39580,64.19,16.73
8/27/2017 13:47,16.07,1512,72.48,2825,47.08,139,295,34336,77.4,15.1
8/27/2017 13:48,18.04,1592,76.33,3199,53.31,93.37,309,50442,67,17.21
8/27/2017 13:49,17.14,1082,51.83,2943,49.04,110,331,38114,61.4,16.04
8/27/2017 13:50,16.47,1808,92,2685,44.75,120,286,37309,68.19,15.33
8/27/2017 13:51,18.38,1447,70.61,3034,50.56,128,376,55452,64.8,17.45
8/27/2017 13:52,16.55,1236,59.33,2835,47.25,107,350,37416,62.2,15.61
8/27/2017 13:53,20.98,1377,66.5,3664,61.06,99.86,314,43745,77.59,19.85
8/27/2017 13:54,22.22,1382,66.33,3734,62.23,102,365,62155,83.19,21
8/27/2017 13:55,21.03,1580,75.5,3379,56.31,119,381,46074,74.59,19.98
8/27/2017 13:56,19.05,1543,73.83,3305,55.08,142,365,44448,69.8,18.18
8/27/2017 13:57,19.14,1491,71.33,3094,51.56,126,367,55451,63.4,18.18
8/27/2017 13:58,18.94,1338,62.5,3320,55.33,117,343,42002,67.4,17.79
8/27/2017 13:59,19.01,1728,83.16,3398,56.63,157,374,43060,66.4,17.54
8/27/2017 14:00,24.37,2171,107,4045,67.41,143,386,61216,104,23.18
8/27/2017 14:01,24.13,1734,83.08,4311,71.84,118,394,52389,88.4,23.43
8/27/2017 14:02,21.42,1571,74.76,3745,62.41,119,400,46645,91,20.32
8/27/2017 14:03,17.32,1685,82.06,3064,51.06,128,392,53865,65.4,16.44
8/27/2017 14:04,18.55,1620,77.94,2971,49.51,137,435,41665,67.59,17.54
8/27/2017 14:05,19.95,1668,79.83,3339,55.65,139,341,41923,79.19,18.85
8/27/2017 14:06,24,1585,75.59,3878,64.63,122,420,61132,83.59,22.99
8/27/2017 14:07,19.18,1655,80.5,3259,54.31,137,361,43745,69,18.39
8/27/2017 14:08,18.44,1610,77.61,3161,52.68,145,342,40572,65.59,17.63
8/27/2017 14:09,19.27,1317,64.2,3231,53.84,131,367,54449,71,18.32
8/27/2017 14:10,16.48,1916,96.38,2706,45.09,121,320,36282,78,15.3
8/27/2017 14:11,18.1,1645,79.16,2924,48.73,127,386,41721,64.8,17.42
8/27/2017 14:12,19.37,1785,86.8,3156,52.59,146,400,57609,68.19,18.28
8/27/2017 14:13,22.83,1786,86.91,3849,64.15,159,405,51559,81.59,21.79
8/27/2017 14:14,16.05,1445,69.43,2818,46.96,135,314,36630,64.19,15.11
8/27/2017 14:15,19.93,1716,84.53,3415,56.91,141,351,56404,73.19,19.01
8/27/2017 14:16,19.38,1428,70.5,3393,56.54,142,295,41023,70.4,18.48
8/27/2017 14:17,19.34,1270,62.29,3527,58.78,112,307,39627,76.59,18.6
8/27/2017 14:18,20.81,1340,65.4,3591,59.84,122,291,55968,76.59,20.07
8/27/2017 14:19,22.42,1269,60.2,3953,65.88,127,329,46966,78.8,21.41
8/27/2017 14:20,23.3,1740,86.8,3884,64.73,128,300,47050,82.8,22.16
8/27/2017 14:21,22.44,1770,86.76,3861,64.34,130,335,59553,78.59,21.44
8/27/2017 14:22,22.37,1603,77.67,3538,58.96,144,385,45961,82.59,21.39
8/27/2017 14:23,18.27,1545,74.45,3010,50.16,137,338,40862,65.19,17.05
8/27/2017 14:24,16.77,1593,77.5,2716,45.26,116,333,50257,55.79,15.92
8/27/2017 14:25,17.48,1791,89.13,2909,48.48,132,354,39307,62,16.38
8/27/2017 14:26,16.37,1476,72.33,2645,44.08,148,385,39789,53.2,15.49
8/27/2017 14:27,18.85,1386,67.44,3123,52.04,139,348,54315,65.4,17.62
8/27/2017 14:28,21.3,1550,75.86,3804,63.4,123,321,46897,77.59,20.32
8/27/2017 14:29,18.3,1367,66.93,3350,55.83,126,334,42359,67,17.03
8/27/2017 14:30,19.14,2525,131,3029,50.48,148,373,54916,76.4,17.38
8/27/2017 14:31,20.58,2573,128,3574,59.56,127,366,45488,73.59,20.14
8/27/2017 14:32,17.46,1593,75.75,3083,51.38,102,296,39499,66.59,16.78
8/27/2017 14:33,19.53,1556,75.7,3296,54.93,141,329,55561,65.4,18.19
8/27/2017 14:34,19.64,1655,80.8,3369,56.15,121,314,42094,73.8,18.69
8/27/2017 14:35,20.02,1796,89.03,3339,55.65,139,361,43281,69.19,18.86
8/27/2017 14:36,21.24,1715,84.08,3595,59.91,137,372,59064,75.4,20.46
8/27/2017 14:37,19.3,1692,82.56,3440,57.33,132,388,42448,70.59,18.37
8/27/2017 14:38,21.04,1620,79.53,3868,64.45,134,334,43921,79,19.7
8/27/2017 14:39,21.48,1744,86.09,3892,64.86,150,310,57138,82.4,20.65
8/27/2017 14:40,19.57,1823,91.46,3560,59.33,143,342,42888,83.4,18.32
8/27/2017 14:41,18.64,1687,82,3356,55.93,127,361,42364,68.8,17.95
8/27/2017 14:42,17.82,1320,62.13,3132,52.2,131,320,53322,63.59,16.85
8/27/2017 14:43,16.3,1401,68.63,2872,47.86,144,341,39248,61.4,15.47
8/27/2017 14:44,17.09,1869,95.09,2927,48.78,144,389,40164,67.8,15.95
8/27/2017 14:45,17.22,1626,79.26,2897,48.28,121,370,51262,56.4,16.41
8/27/2017 14:46,18.77,1534,73.63,3150,52.5,139,379,41570,66.19,17.89
8/27/2017 14:47,20.17,1405,67.93,3514,58.56,130,369,47754,75.8,19.25
8/27/2017 14:48,21.6,1393,66.95,3784,63.06,128,352,57681,82,20.47
8/27/2017 14:49,20,1700,82.83,3566,59.43,139,402,45189,70.8,19.23
8/27/2017 14:50,20.88,2558,128,3367,56.11,132,321,43562,93,19.57
8/27/2017 14:51,20.83,2317,111,3450,57.5,125,326,57377,69.8,20.32
8/27/2017 14:52,18.36,1376,63.5,3268,54.46,140,351,44471,70.19,17.71
8/27/2017 14:53,21.49,1607,77.66,3648,60.79,110,376,47936,83.19,20.52
8/27/2017 14:54,21.88,1401,66.75,3637,60.61,124,379,59525,80,20.89
8/27/2017 14:55,19.5,1842,88.75,3325,55.41,119,375,45300,80.59,18.37
8/27/2017 14:56,21.73,1813,88.25,3982,66.36,137,351,45464,82.4,20.72
8/27/2017 14:57,22,1544,73.83,3861,64.34,124,353,60886,84.59,21.14
8/27/2017 14:58,19.12,1649,80.16,3180,53,118,369,43866,68.4,18.09
8/27/2017 14:59,19.78,1469,70.25,3283,54.71,145,342,45683,77.8,18.8
8/27/2017 15:00,22.28,2219,112,3613,60.21,134,350,60038,102,20.76
8/27/2017 15:01,20.41,2078,101,3497,58.28,123,358,44805,69.4,20.01
8/27/2017 15:02,18.92,1553,74.41,3166,52.76,155,371,43568,68,17.98
8/27/2017 15:03,16.57,1479,70.41,2672,44.53,122,360,52384,56.79,15.78
8/27/2017 15:04,17.89,1936,95.25,3116,51.93,124,326,41555,71.59,16.87
8/27/2017 15:05,19.87,1824,88.56,3635,60.58,134,344,43320,78.59,18.67
8/27/2017 15:06,21.09,1911,92.96,4034,67.23,140,329,57645,83.59,19.94
8/27/2017 15:07,22.88,1705,82.03,3887,64.78,117,406,48821,77.19,22.18
8/27/2017 15:08,20.89,1521,72.33,3663,61.04,141,338,44212,85.4,19.8
8/27/2017 15:09,19.89,1890,94.96,3319,55.31,130,312,53679,69.8,18.91
8/27/2017 15:10,18.86,2040,101,3082,51.36,135,317,38914,86.19,18.07
8/27/2017 15:11,23.69,1575,77.3,4104,68.4,142,326,44753,89.8,22.95
8/27/2017 15:12,21.78,1296,62.46,3665,61.08,136,295,53859,85.8,21.03
8/27/2017 15:13,21.46,1256,62.29,3850,64.16,131,356,47044,78.4,20.29
8/27/2017 15:14,17.71,1343,65.72,3136,52.26,139,320,38698,67.4,16.8
8/27/2017 15:15,33.17,1934,96,5328,88.8,136,342,66340,114,31.44
8/27/2017 15:16,28.75,1801,88,4746,79.09,134,358,51527,108,28.25
8/27/2017 15:17,19.86,1443,68.53,3412,56.86,132,374,45123,73.59,19.12
8/27/2017 15:18,23.03,1616,79.2,3870,64.5,164,373,59358,87,21.8
8/27/2017 15:19,17.6,1454,70.3,3001,50.01,133,336,37985,62,17.05
8/27/2017 15:20,15.43,1835,92.94,2604,43.4,127,314,33228,69.4,14.38
8/27/2017 15:21,16.5,1323,64.16,2800,46.66,118,327,49338,60.2,15.71
8/27/2017 15:22,16.71,1549,75.91,2846,47.43,158,332,37642,64.59,15.97
8/27/2017 15:23,17.19,1481,71.78,2839,47.31,146,370,39079,60.79,16.11
8/27/2017 15:24,19.14,1652,80,2993,49.88,121,390,55869,61.59,18.41
8/27/2017 15:25,15.72,1707,85.08,2335,38.9,140,321,35124,54.2,14.43
8/27/2017 15:26,15.96,1745,86.76,2568,42.79,137,387,38186,61.4,14.8
8/27/2017 15:27,17.67,1824,90.5,2759,45.98,152,394,53297,64.19,17.23
8/27/2017 15:28,19.8,1501,71.58,3155,52.58,143,428,45181,78.8,18.96
8/27/2017 15:29,16.46,1260,60.7,2664,44.4,121,330,37270,61,15.57
8/27/2017 15:30,16.11,1588,78.19,2564,42.73,134,340,50579,60.79,15.05
8/27/2017 15:31,16.46,1521,74.09,2755,45.91,171,362,38333,59.59,15.96
8/27/2017 15:32,13.01,1471,72.33,2038,33.96,137,284,30010,52.2,12.15
8/27/2017 15:33,14.52,1664,82.23,2255,37.58,131,318,46460,44.4,13.71
8/27/2017 15:34,16.57,1688,84.09,2811,46.84,171,352,38394,59.59,15.5
8/27/2017 15:35,16.46,1561,76.5,2792,46.53,126,309,36615,57.4,15.73
8/27/2017 15:36,18,1361,65.16,2901,48.34,137,301,52333,68.8,17.36
8/27/2017 15:37,18.82,1401,67.13,3129,52.15,164,305,42201,64.8,17.88
8/27/2017 15:38,20.09,1360,65.83,3421,57.01,134,378,44847,71.59,19.12
8/27/2017 15:39,22.41,1603,79.63,4008,66.8,141,314,59263,79.59,21.3
8/27/2017 15:40,20.12,2100,106,3338,55.63,132,322,42225,107,19.05
8/27/2017 15:41,17.04,1609,78.66,2987,49.78,127,297,36401,67.59,16.64
8/27/2017 15:42,18.82,1557,75.84,3115,51.91,137,309,53157,72.8,17.86
8/27/2017 15:43,19.57,1638,79.11,3552,59.2,138,322,41656,75.59,18.91
8/27/2017 15:44,18.57,1597,75.4,3375,56.25,156,331,40122,70.8,17.78
8/27/2017 15:45,20.72,1294,61.11,3582,59.7,139,292,54828,75.4,19.86
8/27/2017 15:46,19.05,1169,55.36,3350,55.83,140,297,40582,76.4,18.05
8/27/2017 15:47,17.55,1322,64.23,3019,50.31,128,267,37197,82,16.57
8/27/2017 15:48,18.7,1484,72.88,3235,53.91,129,251,50349,95.59,17.71
8/27/2017 15:49,17.27,1154,55.25,2993,49.88,130,280,36357,64,16.54
8/27/2017 15:50,18.8,1952,102,3244,54.06,115,210,38657,83.8,17.39
8/27/2017 15:51,22.87,1655,82.25,3961,66.01,119,300,59335,82.59,22.25
8/27/2017 15:52,19.23,1340,65.13,3507,58.45,138,285,40584,80,18.2
8/27/2017 15:53,18.97,1611,78.53,3328,55.46,136,413,45303,79,18.39
8/27/2017 15:54,19.3,1590,77.36,3350,55.83,138,365,56090,63.2,18.28
8/27/2017 15:55,19.05,1651,80.98,3253,54.21,132,354,40789,67.19,18.18
8/27/2017 15:56,16.46,1502,73.5,2923,48.71,167,350,36446,61.2,15.41
8/27/2017 15:57,18.71,1563,77,3098,51.63,173,443,54733,69.59,17.73
8/27/2017 15:58,15.04,1582,75.83,2726,45.43,140,373,33487,55.4,14.04
8/27/2017 15:59,20.23,1770,86,3389,56.48,141,392,43371,75.19,19.73
8/27/2017 16:00,20.07,1875,93,3201,53.34,133,342,53545,78,18.79
8/27/2017 16:01,19.8,1636,79.52,3492,58.2,123,287,49467,73.59,19.35
8/27/2017 16:02,18.41,1225,57.83,3262,54.36,122,215,37778,70.19,17.71
8/27/2017 16:03,18.57,1319,63,3240,54,116,279,51734,72,17.72
8/27/2017 16:04,19.01,1272,61,3345,55.75,135,244,39028,77.59,17.7
8/27/2017 16:05,16.22,1562,76,2740,45.66,136,280,34098,60.2,15.48
8/27/2017 16:06,18.44,1462,70.5,3007,50.11,133,271,51419,68.59,17.57
8/27/2017 16:07,20.37,1339,64.33,3525,58.75,133,256,41207,77.59,19.07
8/27/2017 16:08,19.36,1642,79.05,3287,54.78,116,320,40974,71.19,18.63
8/27/2017 16:09,17.3,1436,69.05,2685,44.75,135,307,49983,55.4,16.26
8/27/2017 16:10,18.07,2128,107,2820,47,127,294,37696,64.59,16.86
8/27/2017 16:11,22.58,1755,85,3930,65.5,136,328,47192,79.4,22.3
8/27/2017 16:12,21.5,1418,67.06,3612,60.2,138,338,58250,79,20.68
8/27/2017 16:13,20.98,1454,68.44,3520,58.66,162,373,44935,73.59,20.13
8/27/2017 16:14,19.98,1627,77.01,3335,55.58,159,334,42172,66,19.07
8/27/2017 16:15,19.05,1701,80.95,3242,54.03,155,324,54294,78.8,18.21
8/27/2017 16:16,18.21,2021,98.11,3067,51.11,166,349,40914,69.4,17.16
8/27/2017 16:17,16.19,1727,81.88,2702,45.03,149,315,36385,54,15.8
8/27/2017 16:18,17,1777,84.09,2732,45.53,167,334,49862,58.79,16.09
8/27/2017 16:19,14.51,1623,78.33,2310,38.5,121,282,32335,57.4,13.83
8/27/2017 16:20,14.23,1824,91.69,2444,40.72,147,291,33150,71.59,13.42
8/27/2017 16:21,17.98,1622,77.33,2940,49,154,340,52358,71.59,17.34
8/27/2017 16:22,19.61,1611,77.26,3338,55.63,152,308,43010,77.8,18.73
8/27/2017 16:23,18.89,1835,89.09,3220,53.66,150,332,43075,67.4,18.17
8/27/2017 16:24,19.17,1484,70.43,3174,52.9,133,335,55910,67.19,18.64
8/27/2017 16:25,18.39,1232,59.66,3080,51.33,148,299,40956,73.4,17.41
8/27/2017 16:26,23.21,1622,80.8,3919,65.31,143,302,47449,89.19,21.67
8/27/2017 16:27,18.48,1541,75.23,3209,53.48,139,264,51630,64.4,17.53
8/27/2017 16:28,18.98,1591,77.45,3181,53.01,146,326,41330,67.8,18.28
8/27/2017 16:29,17.09,1705,83.9,2974,49.56,158,318,36909,73.19,15.89
8/27/2017 16:30,15.76,1594,78.69,2740,45.66,135,266,46385,66.19,15.18
8/27/2017 16:31,15.46,1407,68.76,2799,46.65,137,299,34076,65,14.69
8/27/2017 16:32,16.67,1523,74.26,3023,50.38,164,312,36784,69.19,15.78
8/27/2017 16:33,17.46,1583,77.45,3000,50,129,285,51271,79,16.52
8/27/2017 16:34,20.27,1505,72.98,3545,59.08,132,261,41858,75.4,19.46
8/27/2017 16:35,19.98,1719,86.36,3625,60.41,128,243,41912,74,18.98
8/27/2017 16:36,18.98,1710,84.18,3030,50.5,152,325,57120,63.2,18.03
8/27/2017 16:37,17.14,1583,77.66,2902,48.36,149,278,41085,77.8,16.38
8/27/2017 16:38,19.64,1532,74.44,3421,57.01,139,319,43818,79.4,18.82
8/27/2017 16:39,18.09,1507,73.51,3078,51.29,162,284,53788,76.8,17.35
8/27/2017 16:40,16.7,1817,90.98,2634,43.9,120,351,39214,64.59,15.47
8/27/2017 16:41,15.19,1475,72.13,2552,42.53,119,273,35948,62.59,14.56
8/27/2017 16:42,17.28,1531,75.16,2858,47.63,132,279,51529,59,16.39
8/27/2017 16:43,17.35,1489,72.44,2987,49.78,124,279,39873,69.19,16.69
8/27/2017 16:44,18.48,1381,66.43,3195,53.25,151,318,43065,73.19,17.46
8/27/2017 16:45,17.95,1753,85.69,3073,51.21,122,332,55022,67.19,16.89
8/27/2017 16:46,17.42,1788,86.09,2948,49.13,160,330,40208,74.59,16.57
8/27/2017 16:47,15.57,1942,96.06,2519,41.98,131,322,36415,48.2,14.59
8/27/2017 16:48,14.75,1665,80.5,2442,40.7,138,313,47493,49,13.97
8/27/2017 16:49,14.44,1293,61.9,2344,39.06,137,278,34807,51,13.56
8/27/2017 16:50,13.23,1530,76,2102,35.03,145,306,33088,43.2,12.05
8/27/2017 16:51,15.32,1456,72.19,2418,40.29,120,272,47929,59.4,14.18
8/27/2017 16:52,16.5,1754,87.16,2524,42.06,142,335,37897,52.79,15.29
8/27/2017 16:53,18.73,2003,98.5,3014,50.23,144,367,43365,64,18.02
8/27/2017 16:54,17.51,1683,81.86,2775,46.25,147,387,54426,57,16.2
8/27/2017 16:55,16.48,1902,93.4,2603,43.38,148,309,38873,55.2,15.48
8/27/2017 16:56,14.01,1455,69.69,2249,37.47,130,319,33892,45.79,13.28
8/27/2017 16:57,15.2,1289,60.9,2311,38.51,119,305,47653,46,14.23
8/27/2017 16:58,15.63,1490,74.25,2463,41.04,137,308,36024,53.59,14.56
8/27/2017 16:59,16.22,1296,61.91,2615,43.58,141,312,35951,51.59,15.51
8/27/2017 17:00,16.95,1722,85,2682,44.7,120,295,50249,72.19,15.56
8/27/2017 17:01,15.57,1547,74,2592,43.2,123,261,34186,55.2,14.98
8/27/2017 17:02,15.6,1245,59.83,2532,42.2,127,315,34887,48.79,14.62
8/27/2017 17:03,15.92,1377,67,2413,40.21,125,294,46746,50.2,15.13
8/27/2017 17:04,14.51,1342,65,2546,42.43,123,244,32363,51,13.6
8/27/2017 17:05,13.56,1491,74.5,2297,38.28,120,250,30123,48.79,12.29
8/27/2017 17:06,13.94,1343,64.75,2310,38.5,133,261,45743,54.4,13.12
8/27/2017 17:07,15.55,1515,74.66,2442,40.7,146,309,36073,45.79,14.67
8/27/2017 17:08,15.21,1502,72.75,2631,43.84,125,330,36498,57.59,14.32
8/27/2017 17:09,16.28,1950,98.4,2655,44.25,161,320,49739,63.59,15.03
8/27/2017 17:10,21.71,1945,96.35,3348,55.79,130,338,45681,90.59,20.9
8/27/2017 17:11,27.51,1798,86.69,4690,78.16,136,284,48151,94.19,26.62
8/27/2017 17:12,24.25,1681,82.03,3842,64.03,138,309,62177,91.59,23.15
8/27/2017 17:13,22.71,1702,83.46,3680,61.33,153,282,45473,93.4,21.58
8/27/2017 17:14,20.56,1656,80.56,3365,56.08,148,279,41253,89,19.63
8/27/2017 17:15,27.7,2194,109,4346,72.43,163,326,65066,100,26.48
8/27/2017 17:16,20.21,1532,72.86,3266,54.43,136,256,42053,86.4,19.55
8/27/2017 17:17,18.25,1447,69.63,2976,49.59,131,226,36642,94.59,17.41
8/27/2017 17:18,14.89,1266,59.81,2356,39.26,130,275,47757,45.59,13.87
8/27/2017 17:19,20.57,1646,80.66,3454,57.56,152,307,43529,87.19,19.48
8/27/2017 17:20,16.78,2031,101,2736,45.59,149,276,35646,86.19,15.77
8/27/2017 17:21,16.92,1885,92.78,2602,43.36,145,271,51077,51.2,16.16
8/27/2017 17:22,15.97,1579,77.06,2540,42.33,168,279,36844,55.59,15.05
8/27/2017 17:23,15.51,1418,69.44,2581,43.01,140,303,35953,49.59,14.94
8/27/2017 17:24,16.13,1315,64.51,2481,41.34,149,303,50300,52,14.97
8/27/2017 17:25,15.29,1658,82.66,2435,40.58,155,387,38277,52.4,14.22
8/27/2017 17:26,13.36,1667,82.58,2027,33.78,141,308,31724,41.59,12.61
8/27/2017 17:27,13.97,1628,79.65,2186,36.43,133,274,42732,50,13.13
8/27/2017 17:28,14.2,1486,71.9,2232,37.2,162,265,34192,45.4,13.49
8/27/2017 17:29,14.89,1380,67.3,2438,40.63,134,272,33493,48.4,14.07
8/27/2017 17:30,17.02,1914,98.28,2672,44.53,134,226,51104,66,15.88
8/27/2017 17:31,17.8,1536,76.3,2958,49.29,141,287,38713,59,17.26
8/27/2017 17:32,17.11,1213,59.9,3006,50.09,136,238,37731,64.19,16.3
8/27/2017 17:33,17.78,1494,74.84,2888,48.13,119,339,53832,58.4,16.75
8/27/2017 17:34,15.06,1547,77.16,2684,44.73,134,254,34171,60.4,14.43
8/27/2017 17:35,17.54,1611,80.45,2853,47.54,134,291,41657,56.59,16.44
8/27/2017 17:36,17.32,1572,78.3,2762,46.03,146,218,52267,55.79,16.55
8/27/2017 17:37,16.79,1662,83.56,2752,45.86,160,272,35441,56.59,15.64
8/27/2017 17:38,16.11,2071,103,2695,44.91,133,300,36488,55.79,15.26
8/27/2017 17:39,17.17,1783,86.5,2586,43.09,123,270,46729,52.4,16.67
8/27/2017 17:40,13.95,1455,71.93,2132,35.53,115,225,32194,50,12.97
8/27/2017 17:41,17.28,1484,72.7,2675,44.58,142,302,40289,57.59,16.51
8/27/2017 17:42,16.98,1665,82.93,2745,45.75,121,295,54209,57.4,16.18
8/27/2017 17:43,14.71,1643,81.26,2400,40,143,310,36397,53.4,13.87
8/27/2017 17:44,14.84,1419,69.94,2402,40.03,126,281,36020,54.79,14.26
8/27/2017 17:45,15.37,1233,60.04,2464,41.06,151,279,50215,50.2,14.51
8/27/2017 17:46,15.58,1251,61.76,2675,44.58,141,262,34584,60.79,14.98
8/27/2017 17:47,18.82,1441,72.69,3225,53.75,141,317,40403,77,17.57
8/27/2017 17:48,16.19,1848,93.88,2744,45.73,138,246,47192,62,15.54
8/27/2017 17:49,17.7,1566,78.88,3020,50.33,130,264,40030,74,16.63
8/27/2017 17:50,16.07,2330,122,2683,44.71,132,227,32021,77.8,14.75
8/27/2017 17:51,16.86,2112,107,2699,44.98,118,273,49680,63.2,16.42
8/27/2017 17:52,16.02,1441,71.5,2653,44.21,124,262,34918,61.2,15.35
8/27/2017 17:53,14.58,1241,62.09,2443,40.71,126,228,31786,58.2,13.8
8/27/2017 17:54,20.39,1353,67.34,3404,56.73,131,275,54854,73.19,19.68
8/27/2017 17:55,17.55,1176,58.38,2791,46.51,111,304,38064,72,16.64
8/27/2017 17:56,16.57,1251,61.63,2762,46.03,130,283,37607,62.2,15.66
8/27/2017 17:57,17.6,1337,66.01,2887,48.11,122,277,50777,61,16.97
8/27/2017 17:58,17.26,1217,60.03,2975,49.58,112,256,38011,62.2,16.41
8/27/2017 17:59,19.13,1360,68.66,3211,53.51,145,317,41352,71.59,18.27
8/27/2017 18:00,18.18,1663,84,2893,48.21,116,311,50851,66.8,16.98
8/27/2017 18:01,18.39,1319,65,3422,57.03,114,265,38642,75.4,17.64
8/27/2017 18:02,18,1364,68.5,3162,52.7,127,294,39281,71.59,17.18
8/27/2017 18:03,17.26,1511,75.33,2844,47.4,122,297,50880,69.8,16.23
8/27/2017 18:04,15.78,1645,82.66,2704,45.06,149,266,34237,63.4,14.99
8/27/2017 18:05,16.32,1375,66.83,2784,46.4,148,246,36857,61.4,15.68
8/27/2017 18:06,17.97,1448,70.16,3136,52.26,101,262,51130,72,16.91
8/27/2017 18:07,14.86,1248,60.33,2619,43.65,99.05,237,29981,66.59,14.37
8/27/2017 18:08,13.86,850,41.66,2459,40.98,98.69,214,28972,58.79,13.01
8/27/2017 18:09,13.69,1215,61.83,2172,36.2,129,250,42474,44.2,12.72
8/27/2017 18:10,13.26,1621,82.16,1966,32.76,114,286,31303,54.59,12.21
8/27/2017 18:11,14.28,2076,107,1984,33.06,132,332,34992,46,13.27
8/27/2017 18:12,13.14,1503,74.19,2040,34,108,275,43596,42.59,12.63
8/27/2017 18:13,13.42,1166,56.86,2095,34.9,116,270,29734,43.79,12.59
8/27/2017 18:14,11.63,1243,60.93,1936,32.26,104,240,25809,40.59,11.01
8/27/2017 18:15,14.74,1456,72.16,2347,39.11,118,279,48580,52.59,13.57
8/27/2017 18:16,11.88,1529,76.33,1975,32.9,131,231,26041,41.59,11.14
8/27/2017 18:17,12.82,1345,67.06,2120,35.33,125,246,28404,44,12.39
8/27/2017 18:18,14.43,1342,66.19,2309,38.47,131,283,45011,49.2,13.49
8/27/2017 18:19,16.46,1519,74.69,2722,45.36,129,316,37203,59.4,15.82
8/27/2017 18:20,18.07,2627,134,2963,49.38,151,292,38639,84.59,16.57
8/27/2017 18:21,16.61,2400,118,2686,44.76,111,328,48385,54.79,16.18
8/27/2017 18:22,13,1806,88.76,1946,32.43,123,302,30642,48.79,12.3
8/27/2017 18:23,14.27,1884,93.5,2086,34.76,127,299,33858,47.4,13.51
8/27/2017 18:24,12.56,1561,77.8,1952,32.53,122,258,41507,41.4,11.64
8/27/2017 18:25,12.45,1452,71.56,1940,32.33,124,244,27527,48.2,11.68
8/27/2017 18:26,14.98,1307,63.43,2373,39.54,139,315,35563,47.59,14.12
8/27/2017 18:27,13.75,1520,73.69,2220,37,107,245,41585,46.79,13.05
8/27/2017 18:28,15.14,1259,59.73,2589,43.15,116,273,34534,53.4,14.17
8/27/2017 18:29,17.64,1592,79,2841,47.34,178,304,39396,57.4,16.92
8/27/2017 18:30,17.86,1596,77.69,2802,46.7,141,304,49947,66.4,17.04
8/27/2017 18:31,16.98,1674,82.59,2837,47.28,124,313,38935,61.59,15.82
8/27/2017 18:32,14.91,1647,80.59,2462,41.03,144,272,34283,51,14.38
8/27/2017 18:33,15.97,1582,78.36,2565,42.75,150,260,49670,53.4,15.04
8/27/2017 18:34,17.93,1687,85.16,2938,48.96,157,297,39710,63.79,16.43
8/27/2017 18:35,21.42,1997,99.83,3788,63.13,118,286,44113,76,20.72
8/27/2017 18:36,18.42,1564,74.84,3110,51.83,141,310,53259,70,17.79
8/27/2017 18:37,17.95,1851,91.46,3055,50.91,148,301,38966,71.59,16.63
8/27/2017 18:38,17.26,1583,77.31,2925,48.75,162,330,38612,62.59,16.75
8/27/2017 18:39,17.54,1533,75.25,2811,46.84,135,328,53083,59.79,16.77
8/27/2017 18:40,18.82,1881,94.11,3061,51.01,108,318,40353,86.8,17.64
8/27/2017 18:41,17.78,1635,79.93,3089,51.48,122,280,40590,67,17.05
8/27/2017 18:42,15.97,1506,72.69,2576,42.93,124,260,46707,59,15.2
8/27/2017 18:43,15.86,1459,70.31,2686,44.76,115,304,36892,64.59,14.99
8/27/2017 18:44,15.81,1322,63.25,2528,42.13,111,269,35977,73,14.89
8/27/2017 18:45,19.03,1385,66.56,3045,50.75,144,341,55947,59,17.91
8/27/2017 18:46,17.6,1756,84.61,2998,49.96,152,323,42342,60.2,16.84
8/27/2017 18:47,17.55,1679,80.37,2940,49,105,294,38921,64.4,16.39
8/27/2017 18:48,15.84,1727,82.83,2524,42.06,129,268,47141,57.2,15.14
8/27/2017 18:49,14.95,1630,77.13,2353,39.21,148,269,33334,49.59,14.53
8/27/2017 18:50,15.25,1974,98.53,2351,39.18,109,277,33573,58.4,13.96
8/27/2017 18:51,14.87,1728,83.46,2339,38.97,128,311,47981,48.2,14.47
8/27/2017 18:52,14.15,1618,78.59,2190,36.5,134,282,33744,51.59,13.22
8/27/2017 18:53,15.5,1569,75.5,2588,43.13,150,333,36595,61.2,14.62
8/27/2017 18:54,17.38,1874,91.36,2879,47.98,136,297,51179,57.59,16.3
8/27/2017 18:55,15.33,1799,86.06,2410,40.15,136,274,34305,50.2,14.67
8/27/2017 18:56,15.59,1489,70.73,2499,41.65,127,296,36367,53,14.55
8/27/2017 18:57,16.16,1878,90.53,2434,40.56,120,322,52451,55.59,14.95
8/27/2017 18:58,15.1,1912,93.58,2389,39.81,150,314,36321,51.4,14.79
8/27/2017 18:59,14.43,1252,59.16,2347,39.11,149,282,34454,46.59,13.78
8/27/2017 19:00,14.08,1519,75.34,2286,38.09,119,243,43351,55.2,12.97
8/27/2017 19:01,15.06,1298,63.75,2481,41.34,133,297,41414,59.79,14.11
8/27/2017 19:02,17.23,1397,68.58,2738,45.63,121,314,40536,58.4,16.6
8/27/2017 19:03,16.45,1526,76.08,2849,47.48,143,351,49900,63.2,15.17
8/27/2017 19:04,15.75,1532,75.75,2690,44.83,144,308,34428,55,14.88
8/27/2017 19:05,16.2,1720,83,2580,43,160,311,37314,52.79,15.15
8/27/2017 19:06,18.3,1552,75,3025,50.41,141,324,54572,67,17.3
8/27/2017 19:07,18.73,1519,72.75,2941,49.01,147,332,40587,59,17.07
8/27/2017 19:08,17.48,2028,100,2852,47.53,151,305,39222,68,16.85
8/27/2017 19:09,19.04,1685,80,3103,51.71,180,359,55698,64.19,17.92
8/27/2017 19:10,18.92,2704,134,2965,49.41,171,327,40835,65.4,17.96
8/27/2017 19:11,19.04,1951,92.09,3194,53.23,138,293,41878,64,18.54
8/27/2017 19:12,20.92,1982,96,3391,56.51,156,392,61175,72.19,19.73
8/27/2017 19:13,17.14,1646,76.53,2768,46.13,154,319,39326,61,16.52
8/27/2017 19:14,18.19,1579,74.5,3026,50.43,144,330,42334,68.4,17.19
8/27/2017 19:15,20.62,1986,96.03,3282,54.7,170,366,57792,72.8,19.48
8/27/2017 19:16,18.23,1854,87.66,2960,49.33,139,326,39997,58.59,17.7
8/27/2017 19:17,20.5,1722,82.43,3310,55.16,181,358,46620,69.59,19.39
8/27/2017 19:18,20.13,2078,100,3204,53.4,135,361,58336,73.59,19.37
8/27/2017 19:19,20.12,2177,105,3234,53.9,150,325,43294,75.19,18.98
8/27/2017 19:20,17.66,2157,105,2812,46.86,157,312,38360,80,16.85
8/27/2017 19:21,19.6,2043,100,3215,53.58,155,350,55859,74,18.55
8/27/2017 19:22,19.97,1971,95.78,3252,54.2,147,357,42578,76.59,19.19
8/27/2017 19:23,17.41,1910,92,3025,50.41,159,348,38681,75.4,16.47
8/27/2017 19:24,19.79,2014,97.4,3276,54.59,153,314,56997,64.4,18.96
8/27/2017 19:25,18.07,1848,88.76,2876,47.93,138,313,39654,63.59,17.09
8/27/2017 19:26,16.51,1770,84.4,2663,44.38,140,314,36705,67.4,15.69
8/27/2017 19:27,15.86,1945,95.09,2490,41.5,135,346,49082,63,14.7
8/27/2017 19:28,17.14,2160,106,2915,48.58,176,313,38553,57.2,15.99
8/27/2017 19:29,18.51,2128,106,3168,52.79,126,304,41470,65.4,18.01
8/27/2017 19:30,19.34,2422,121,3294,54.9,133,297,55876,87.19,18.27
8/27/2017 19:31,17.68,1940,95,2937,48.95,163,348,41334,72.59,16.72
8/27/2017 19:32,18.32,2257,112,3083,51.38,156,300,40311,71.19,17.79
8/27/2017 19:33,17.41,1987,98.26,2750,45.83,148,323,53299,62.2,16.51
8/27/2017 19:34,16.47,1931,95.09,2709,45.15,178,347,38318,58.59,15.86
8/27/2017 19:35,16.09,2187,109,2496,41.59,175,362,37053,52,14.88
8/27/2017 19:36,17.37,1921,94.4,2852,47.53,158,336,51299,60.79,16.54
8/27/2017 19:37,17.05,1892,92.26,2740,45.66,164,322,36304,58.4,16.44
8/27/2017 19:38,17,1813,89.59,2661,44.34,135,283,37765,63.2,16.01
8/27/2017 19:39,14.86,1844,90.66,2246,37.43,155,275,43620,53.59,14.35
8/27/2017 19:40,14.4,1816,92.19,2388,39.79,139,306,34250,57.4,13.38
8/27/2017 19:41,18.19,1837,91.58,3086,51.43,187,305,42343,66.59,17.42
8/27/2017 19:42,18.69,1934,95.98,2850,47.5,147,398,54769,62.79,17.87
8/27/2017 19:43,19.89,1794,88.26,3218,53.63,164,365,45686,83,19.35
8/27/2017 19:44,18.48,1762,84.81,2808,46.79,144,388,42126,61.4,17.55
8/27/2017 19:45,19.23,2037,98.52,2993,49.88,159,362,55108,71.19,18.34
8/27/2017 19:46,20.64,2008,96.26,3305,55.08,177,360,46452,67.19,19.8
8/27/2017 19:47,18.05,1795,85.15,2912,48.53,135,287,39909,61.59,17.36
8/27/2017 19:48,18.63,1748,85.03,2958,49.29,148,339,54588,62.2,17.73
8/27/2017 19:49,16.75,1581,76.48,2752,45.86,154,326,37591,59.59,16.01
8/27/2017 19:50,16.3,2190,110,2664,44.4,159,365,38292,80.8,15.15
8/27/2017 19:51,15.85,1993,99.65,2432,40.53,138,315,48076,59,14.89
8/27/2017 19:52,15.82,2022,99.83,2415,40.25,143,364,38021,54.2,14.97
8/27/2017 19:53,15,1731,83.83,2274,37.9,149,333,35236,47.4,14.03
8/27/2017 19:54,20.8,2254,111,3405,56.75,145,344,57886,81,19.92
8/27/2017 19:55,18.55,1978,96.33,3317,55.28,154,278,40380,75.59,17.41
8/27/2017 19:56,17.73,1571,76.5,2958,49.29,141,295,38388,75.19,16.98
8/27/2017 19:57,16.73,1598,78,2651,44.18,157,341,51844,56.59,15.8
8/27/2017 19:58,17.26,2018,101,2739,45.65,172,370,40895,64.8,16.47
8/27/2017 19:59,16.37,1579,78.16,2654,44.23,141,332,38025,57.79,15.27
8/27/2017 20:00,18.47,2355,121,2848,47.46,143,339,53799,74.4,16.91
8/27/2017 20:01,16.03,2506,126,2615,43.58,166,377,37721,62,15.51
8/27/2017 20:02,16.29,2034,99.86,2553,42.54,160,383,39134,49.2,15.49
8/27/2017 20:03,16.48,1987,96.56,2434,40.56,161,360,54110,58,15.64
8/27/2017 20:04,16.16,1839,87.63,2695,44.91,163,322,36913,59,15.37
8/27/2017 20:05,18.07,1929,90.28,2681,44.68,181,330,42770,54.2,17.03
8/27/2017 20:06,16.38,2519,123,2462,41.03,161,283,51279,54.59,15.4
8/27/2017 20:07,16.3,2001,93.73,2512,41.86,168,402,39796,50,15.56
8/27/2017 20:08,18.36,2110,99.43,2918,48.63,168,373,40155,64,17.8
8/27/2017 20:09,17.79,1875,89.59,2575,42.91,170,392,52474,59,16.73
8/27/2017 20:10,17.28,2231,109,2591,43.18,180,347,37735,73.8,16.09
8/27/2017 20:11,16.64,2017,97.16,2629,43.81,156,390,38951,55.59,16.18
8/27/2017 20:12,15.86,1565,74.09,2484,41.4,152,363,48910,54.59,15.16
8/27/2017 20:13,17.55,1885,92.33,2602,43.36,195,425,41014,52.2,16.41
8/27/2017 20:14,15.67,2244,109,2599,43.31,170,357,37757,56.79,14.5
8/27/2017 20:15,15.43,2381,115,2358,39.29,146,343,46882,52.79,14.8
8/27/2017 20:16,14.53,1980,96.69,2254,37.56,143,319,33977,49.2,13.67
8/27/2017 20:17,14.62,1891,92.33,2267,37.78,134,325,34296,50.79,14
8/27/2017 20:18,15.53,1765,86.06,2451,40.84,134,334,47973,60.59,14.79
8/27/2017 20:19,16.28,1876,90.5,2584,43.06,155,322,40125,53.2,15.37
8/27/2017 20:20,16.96,2322,118,2527,42.11,162,388,40744,67.19,15.81
8/27/2017 20:21,15.92,2395,119,2510,41.83,175,390,48955,51,15.08
8/27/2017 20:22,20.14,2179,106,3067,51.11,145,387,44166,62.4,19.36
8/27/2017 20:23,20.94,2136,103,3383,56.38,158,360,43330,72.59,20.14
8/27/2017 20:24,20.36,1943,94.59,3239,53.98,184,357,55563,67,18.98
8/27/2017 20:25,23.74,2548,127,3799,63.31,149,384,49188,80.19,23.18
8/27/2017 20:26,22.56,2016,96.51,3755,62.58,183,351,46192,75.59,21.96
8/27/2017 20:27,23.05,1952,93.01,3761,62.68,152,364,61280,73.4,22.13
8/27/2017 20:28,19.09,1609,75.93,2956,49.26,156,417,43354,68.8,18.46
8/27/2017 20:29,20.12,1807,88.11,3237,53.95,153,374,42967,64.8,19.32
8/27/2017 20:30,17.53,2333,116,2434,40.56,193,395,51302,69.19,16.1
8/27/2017 20:31,20.03,2449,119,3305,55.08,143,340,43706,71.59,19.55
8/27/2017 20:32,21.54,1984,95.09,3531,58.84,137,366,45951,69.8,20.81
8/27/2017 20:33,20.04,2173,106,3232,53.86,177,344,55603,77.19,19.14
8/27/2017 20:34,18.76,1909,93.32,3195,53.25,138,366,41428,66.8,17.54
8/27/2017 20:35,20.29,1914,93.5,3212,53.53,150,363,43165,70,19.45
8/27/2017 20:36,16.98,2209,110,2582,43.03,165,335,48619,56.59,15.62
8/27/2017 20:37,17.26,1995,97.5,2729,45.48,150,375,38839,60.2,16.34
8/27/2017 20:38,20.79,2176,108,3398,56.63,165,448,45964,86.59,19.8
8/27/2017 20:39,21.84,2149,105,3638,60.63,154,371,58461,76,21.02
8/27/2017 20:40,22.12,2488,125,3455,57.58,177,378,48985,104,20.77
8/27/2017 20:41,22.57,2530,124,3797,63.28,172,412,56022,78.4,21.61
8/27/2017 20:42,25.43,2677,131,4075,67.91,184,444,68317,80.59,24.68
8/27/2017 20:43,21.97,2337,111,3370,56.16,178,461,51890,82,21.05
8/27/2017 20:44,27.85,2330,111,3545,59.08,191,467,51044,81,27.36
8/27/2017 20:45,24.87,2336,113,3814,63.56,188,403,61607,81.4,23.84
8/27/2017 20:46,20.7,1916,90.76,3519,58.65,152,393,45738,73,19.91
8/27/2017 20:47,17.73,1739,83.5,3053,50.88,157,304,40354,63.4,16.82
8/27/2017 20:48,21.89,1632,78.58,3430,57.16,150,376,59210,65,21.01
8/27/2017 20:49,20.1,1790,86.83,3325,55.41,140,409,44617,67,19.32
8/27/2017 20:50,20.72,2601,129,3261,54.34,160,376,44494,84.59,19.36
8/27/2017 20:51,22.63,2402,117,3476,57.93,154,375,60884,78.59,21.58
8/27/2017 20:52,18.36,2641,129,2900,48.33,176,395,42502,64,17.78
8/27/2017 20:53,19.7,2219,106,3111,51.84,182,411,45997,60,19.11
8/27/2017 20:54,21.85,2362,114,3642,60.7,157,336,58711,80,20.81
8/27/2017 20:55,26.72,1946,92.93,4242,70.69,160,382,54619,85.8,25.49
8/27/2017 20:56,23.88,2123,104,4000,66.66,144,309,50176,80.19,23.53
8/27/2017 20:57,23.13,1866,89.86,3737,62.28,143,342,62926,80.4,21.99
8/27/2017 20:58,24.43,2010,94.86,3986,66.43,157,364,51371,85,23.35
8/27/2017 20:59,20.92,2064,99.03,3485,58.08,178,403,49856,74.4,20.09
8/27/2017 21:00,17.36,2424,117,2833,47.21,145,321,53752,67.19,16.69
8/27/2017 21:01,20.65,1824,87.43,3497,58.28,143,289,44812,72,20.05
8/27/2017 21:02,23.25,1845,89.63,3790,63.16,164,313,47828,83.19,22.13
8/27/2017 21:03,23.73,1610,76.86,3804,63.4,144,311,59509,76.8,23
8/27/2017 21:04,21.25,1759,85.06,3684,61.4,166,337,42876,71.8,19.98
8/27/2017 21:05,20.55,1954,93.33,3182,53.03,155,306,42037,69.19,19.57
8/27/2017 21:06,22.83,2082,99.01,3755,62.58,149,331,59718,78,21.73
8/27/2017 21:07,18.05,1975,91.65,2707,45.11,168,319,39206,64.19,17.21
8/27/2017 21:08,19.62,2117,100,3267,54.45,152,288,39681,79.4,18.89
8/27/2017 21:09,21.64,2049,96.09,3460,57.66,156,316,56630,87.4,21.16
8/27/2017 21:10,21.65,2537,125,3440,57.33,162,335,42611,106,20.05
8/27/2017 21:11,19.64,2413,116,3252,54.2,125,295,40060,67.4,19.39
8/27/2017 21:12,22.09,1772,84.66,3483,58.04,125,296,57667,72.4,21.03
8/27/2017 21:13,25.57,1723,83.69,4331,72.18,143,324,49757,111,23.97
8/27/2017 21:14,22.67,2057,100,3590,59.83,173,441,54847,105,21.55
8/27/2017 21:15,23.24,2105,100,3672,61.2,142,373,60714,81.8,22.33
8/27/2017 21:16,22.47,1706,80.43,3763,62.71,167,337,45939,103,21.35
8/27/2017 21:17,29.69,1809,87,4888,81.45,140,312,53662,115,28.62
8/27/2017 21:18,20.42,1987,97.09,3411,56.84,137,299,55346,76.19,19.17
8/27/2017 21:19,20.23,2013,99.03,3520,58.66,148,324,46913,80,19.47
8/27/2017 21:20,22.46,2506,126,3595,59.91,162,346,45408,106,21.26
8/27/2017 21:21,22.42,2182,107,3584,59.73,157,347,60527,81.59,21.18
8/27/2017 21:22,23.93,2356,115,4038,67.3,164,408,51885,96.19,23.35
8/27/2017 21:23,24.54,1967,93.8,4043,67.38,181,361,48747,89.4,23.75
8/27/2017 21:24,17.61,1974,94.06,2751,45.84,169,358,52783,62.59,16.73
8/27/2017 21:25,22.19,2092,101,3471,57.84,147,342,46737,72.19,21.42
8/27/2017 21:26,23.02,1821,87.16,3971,66.18,147,339,49001,79.59,22.28
8/27/2017 21:27,21.47,1680,80.63,3573,59.54,177,354,58217,84.19,20.65
8/27/2017 21:28,20.76,1480,72.06,3464,57.73,163,345,43803,77.8,19.92
8/27/2017 21:29,22.35,2096,104,3594,59.9,182,371,47269,84.4,21.66
8/27/2017 21:30,21.65,2179,109,3282,54.7,184,425,62874,90.8,20.56
8/27/2017 21:31,19.07,1799,87.05,3132,52.2,153,320,42185,63,18.5
8/27/2017 21:32,20.88,1595,75.45,3488,58.13,163,355,44200,70.4,19.8
8/27/2017 21:33,19.86,2257,111,3325,55.41,176,338,56037,76.19,19.18
8/27/2017 21:34,16.17,1867,89.16,2903,48.38,141,238,33452,60.59,15.07
8/27/2017 21:35,21.41,1884,91.5,3631,60.51,133,319,45572,82.59,20.59
8/27/2017 21:36,20.63,2056,100,3523,58.71,148,284,55321,74.4,19.44
8/27/2017 21:37,21.07,2238,108,3581,59.68,159,300,43843,73,20.22
8/27/2017 21:38,19.72,2066,99.16,3472,57.86,147,333,45571,69.4,18.93
8/27/2017 21:39,19.92,1741,83,3242,54.03,135,303,55227,71.4,19.36
8/27/2017 21:40,18.27,2245,112,2854,47.56,134,311,37609,73.19,16.93
8/27/2017 21:41,19.89,1884,89.83,3308,55.13,161,310,42369,69.8,19.48
8/27/2017 21:42,21.2,1645,78.16,3592,59.86,120,280,57221,70.59,20.27
8/27/2017 21:43,22.58,1639,76.38,3698,61.63,150,347,46686,78.8,21.79
8/27/2017 21:44,21.12,1686,79.91,3702,61.7,156,319,47243,80.19,20.02
8/27/2017 21:45,21.07,1875,90.96,3634,60.56,148,375,62200,77.59,19.97
8/27/2017 21:46,18.28,2484,125,3176,52.93,169,329,41654,77.19,17.41
8/27/2017 21:47,20.87,2433,122,3653,60.88,166,380,46724,72.59,19.75
8/27/2017 21:48,20.58,2027,99.05,3326,55.43,153,338,57309,67,19.79
8/27/2017 21:49,18.28,2082,103,3061,51.01,180,348,42605,59.79,17.55
8/27/2017 21:50,20.77,2514,126,3262,54.36,178,313,45510,90,19.82
8/27/2017 21:51,20.6,2039,98.86,3212,53.53,175,323,60400,74,20.19
8/27/2017 21:52,17.57,1717,82.33,2929,48.81,161,355,41554,70.59,16.82
8/27/2017 21:53,14.66,1688,80.95,2318,38.63,158,314,34462,63.4,13.98
8/27/2017 21:54,19.19,2109,104,2906,48.43,164,434,59170,61.59,18.1
8/27/2017 21:55,14.58,1690,81.63,2358,39.29,158,347,35164,51.59,13.88
8/27/2017 21:56,15.63,1494,73.13,2571,42.84,144,359,37410,60.79,14.87
8/27/2017 21:57,18.7,1547,75.73,3075,51.25,160,375,57138,69.8,17.97
8/27/2017 21:58,22.61,1240,59.9,3889,64.81,158,324,44077,89.4,21.74
8/27/2017 21:59,23.75,1658,80.56,3656,60.93,164,343,45697,93.4,22.98
8/27/2017 22:00,21.29,2263,110,3254,54.23,171,534,63581,84,20.05
8/27/2017 22:01,33.32,1918,89.73,5257,87.61,153,528,71263,105,32.9
8/27/2017 22:02,26.54,1767,84.13,4446,74.09,168,305,48574,105,25.33
8/27/2017 22:03,31.44,2197,107,5109,85.15,177,387,67815,105,29.55
8/27/2017 22:04,34.92,2578,126,5866,97.76,185,353,60469,127,34.43
8/27/2017 22:05,23.02,1833,85.36,3745,62.41,166,339,44520,110,21.92
8/27/2017 22:06,23.11,1934,90.5,4044,67.4,159,327,58040,88,22.07
8/27/2017 22:07,22.15,2081,98.96,3882,64.69,172,328,46399,83.59,21.25
8/27/2017 22:08,22.58,2409,116,4012,66.86,162,318,46672,88,21.57
8/27/2017 22:09,22.34,2328,111,3751,62.51,179,379,58960,79.59,21.48
8/27/2017 22:10,18.8,1986,94.33,2907,48.45,161,332,39363,71.19,18.09
8/27/2017 22:11,21.7,1864,87.48,3703,61.71,156,387,47099,76,20.8
8/27/2017 22:12,24.05,1787,84.5,4229,70.48,167,319,60816,89.19,23.07
8/27/2017 22:13,31.41,2137,103,5246,87.43,167,423,58719,125,30.37
8/27/2017 22:14,37.19,2071,96.34,6033,100,170,406,64920,132,36.52
8/27/2017 22:15,39.02,2059,97.36,6291,104,170,433,79224,131,37.7
8/27/2017 22:16,38.2,2656,126,5778,96.3,182,453,62306,118,37.43
8/27/2017 22:17,23.48,2160,100,4121,68.68,179,361,48844,80.59,22.6
8/27/2017 22:18,27.15,2391,113,4513,75.2,182,384,67696,90,26.44
8/27/2017 22:19,22.75,2161,103,4002,66.69,177,328,49679,79.8,21.92
8/27/2017 22:20,25.68,2768,140,4286,71.43,173,361,51804,112,24.4
8/27/2017 22:21,31.78,2625,128,5478,91.3,154,412,72380,120,31.46
8/27/2017 22:22,32.67,2166,102,5633,93.88,159,371,57527,110,32.22
8/27/2017 22:23,32.67,1975,95.23,5478,91.3,144,351,57915,112,31.65
8/27/2017 22:24,30.06,1607,76.58,4986,83.09,156,318,66310,104,29.28
8/27/2017 22:25,20.39,2020,99.16,3348,55.79,171,377,44339,68.19,19.35
8/27/2017 22:26,28.32,2101,102,4625,77.08,189,380,52831,105,27.06
8/27/2017 22:27,36.7,2633,130,5992,99.86,180,441,77186,120,36.07
8/27/2017 22:28,35.93,2620,127,5739,95.65,176,424,62943,113,34.6
8/27/2017 22:29,30.3,2892,140,5081,84.68,172,411,55578,113,29.96
8/27/2017 22:30,31.45,2737,133,5032,83.86,182,427,69356,110,30.48
8/27/2017 22:31,33.26,2599,125,5445,90.75,199,442,59142,116,32.79
8/27/2017 22:32,26.9,1879,88.9,4559,75.98,166,358,49786,111,25.93
8/27/2017 22:33,29.43,2167,106,4973,82.88,180,398,70638,112,28.11
8/27/2017 22:34,31.52,2105,102,5252,87.53,165,319,54495,112,30.88
8/27/2017 22:35,31.08,2300,113,5275,87.91,166,372,57460,110,29.92
8/27/2017 22:36,33.47,2054,98.44,5571,92.84,182,374,71634,115,32.49
8/27/2017 22:37,35.83,2227,107,5895,98.25,185,387,61217,132,34.81
8/27/2017 22:38,23.79,2112,99.96,4177,69.61,159,401,49302,85.59,23.15
8/27/2017 22:39,22.99,1988,95.76,4058,67.63,174,380,61441,87.4,21.77
8/27/2017 22:40,27.02,2797,139,4593,76.55,183,372,53941,107,25.98
8/27/2017 22:41,32.35,2418,117,5513,91.88,168,384,60288,115,31.73
8/27/2017 22:42,35.54,2274,111,6134,102,159,348,74119,126,34.61
8/27/2017 22:43,38.92,2539,122,6571,109,203,385,65427,132,38.45
8/27/2017 22:44,35.96,2222,104,6035,100,158,371,61589,129,35.43
8/27/2017 22:45,34.19,2190,102,5771,96.18,166,367,72867,126,33.43
8/27/2017 22:46,30.37,2331,112,5197,86.61,196,409,58391,120,29.31
8/27/2017 22:47,24.7,2231,105,4312,71.86,190,446,55522,86.4,23.95
8/27/2017 22:48,23.46,2400,115,4130,68.83,180,406,63874,86.19,22.55
8/27/2017 22:49,26.72,2132,101,4571,76.18,184,353,51845,112,25.8
8/27/2017 22:50,28.41,2572,125,4498,74.95,169,420,53450,103,27.34
8/27/2017 22:51,28.73,2636,126,4767,79.44,163,355,65507,101,27.95
8/27/2017 22:52,20.94,1887,87.3,3576,59.59,133,303,42254,99.8,20.58
8/27/2017 22:53,27.36,1997,94.46,4567,76.11,138,350,53460,111,26.31
8/27/2017 22:54,27.95,2221,104,4620,77,155,311,63631,100,27.03
8/27/2017 22:55,27.01,2410,115,4657,77.61,164,340,51593,119,26.02
8/27/2017 22:56,24.48,2337,109,4090,68.16,146,348,46507,100,23.99
8/27/2017 22:57,20.7,2431,115,3496,58.26,165,360,56459,95,19.66
8/27/2017 22:58,16.95,2450,117,2809,46.81,150,350,40082,63.4,15.86
8/27/2017 22:59,16.23,2131,100,2736,45.59,178,425,38875,61.4,15.71
8/27/2017 23:00,19.18,2946,146,2823,47.04,187,491,58591,71.8,17.67
8/27/2017 23:01,18.29,2550,121,2982,49.7,161,379,41310,65.8,18
8/27/2017 23:02,14.22,1922,90.16,2280,38,155,364,33634,54.4,13.46
8/27/2017 23:03,18.85,2276,109,2987,49.78,174,405,53727,60,17.95
8/27/2017 23:04,17.13,1994,93.33,2868,47.79,178,386,39654,59,16.5
8/27/2017 23:05,17.55,1905,89.66,2576,42.93,128,382,40105,50.59,16.48
8/27/2017 23:06,15.48,2157,101,2460,41,161,319,48279,51.59,14.72
8/27/2017 23:07,14.48,2089,98.96,2263,37.71,212,312,33225,44.59,13.8
8/27/2017 23:08,14.13,1889,87.65,2295,38.25,159,277,31905,47.59,13.74
8/27/2017 23:09,16.18,1658,78.3,2602,43.36,169,387,52716,56.59,15.32
8/27/2017 23:10,13.85,2179,107,2248,37.46,172,302,30899,59,12.82
8/27/2017 23:11,16.17,2189,107,2608,43.46,190,357,36894,55.79,14.96
8/27/2017 23:12,17.29,2169,104,2706,45.09,154,352,51763,54.79,16.8
8/27/2017 23:13,17.64,1743,82.05,2894,48.23,156,394,42906,57.59,16.94
8/27/2017 23:14,16.27,1728,79.86,2740,45.66,153,423,39711,58.4,15.66
8/27/2017 23:15,18.19,1738,79.91,2839,47.31,146,420,57043,57.79,17.14
8/27/2017 23:16,15.52,2066,99.59,2502,41.7,142,354,37774,56.59,14.66
8/27/2017 23:17,17.5,1927,91.16,2857,47.61,169,392,42245,56.2,16.96
8/27/2017 23:18,22.23,1715,80.19,3623,60.38,198,462,63999,82.4,21.39
8/27/2017 23:19,22.27,2010,95.76,3880,64.66,217,402,50606,81.59,21.67
8/27/2017 23:20,18.02,2508,123,3045,50.75,197,441,43134,75.19,16.75
8/27/2017 23:21,17.85,2180,105,3079,51.31,137,371,53285,66.8,17.34
8/27/2017 23:22,19.98,1947,93.4,3441,57.34,172,403,46107,79,19.47
8/27/2017 23:23,14.64,1808,85.69,2521,42.01,172,337,33832,62.59,13.96
8/27/2017 23:24,18.21,1787,84.84,3075,51.25,174,375,54405,70.59,17.52
8/27/2017 23:25,18.51,1775,83.96,3144,52.4,174,390,43401,66,17.67
8/27/2017 23:26,17.92,1945,94.36,3178,52.96,162,381,42438,63.4,16.55
8/27/2017 23:27,18.35,2511,123,3113,51.88,190,397,55743,62.59,17.32
8/27/2017 23:28,18.6,2020,97.18,3147,52.45,196,438,44979,66,17.91
8/27/2017 23:29,18.3,1776,85.66,3113,51.88,181,398,43904,61.4,17.59
8/27/2017 23:30,17.18,2562,130,2808,46.79,173,321,49190,63.59,15.8
8/27/2017 23:31,18.13,2469,122,3205,53.41,186,425,42500,69.8,17.34
8/27/2017 23:32,17.79,2374,114,3011,50.18,186,499,45230,72,17.14
8/27/2017 23:33,17.03,2428,118,2737,45.61,193,443,54748,57.4,15.96
8/27/2017 23:34,15.7,2451,119,2729,45.48,184,421,37228,55.59,15.05
8/27/2017 23:35,15.53,2086,100,2592,43.2,179,425,38218,52.2,14.35
8/27/2017 23:36,14.3,2311,113,2325,38.75,166,344,44884,46,13.8
8/27/2017 23:37,14.88,2069,100,2531,42.18,177,364,35246,55.4,13.76
8/27/2017 23:38,20.18,2070,98.3,3452,57.53,171,354,42699,72,19.35
8/27/2017 23:39,18.66,1863,88.83,3203,53.38,147,394,56531,67.4,18.03
8/27/2017 23:40,20.28,2616,130,3294,54.9,196,443,50904,80.8,18.87
8/27/2017 23:41,18.57,2432,117,3214,53.56,172,413,44776,67,18.05
8/27/2017 23:42,17.21,2058,99.19,3116,51.93,164,360,53315,73.19,16.45
8/27/2017 23:43,18.64,1945,93.83,3369,56.15,141,362,43465,76,17.82
8/27/2017 23:44,18.55,2071,100,3395,56.58,181,402,45533,82.8,17.67
8/27/2017 23:45,19.29,2283,109,3527,58.78,195,432,61962,74.19,18.38
8/27/2017 23:46,18.97,2423,118,3504,58.4,191,417,44425,76.8,18.07
8/27/2017 23:47,17.48,2182,105,3351,55.84,181,345,41570,68.19,16.73
8/27/2017 23:48,19.28,2379,114,3526,58.76,164,415,57720,70.19,18.44
8/27/2017 23:49,20.2,2382,114,3670,61.16,157,390,46007,81.8,19.45
8/27/2017 23:50,17.86,2581,124,2986,49.76,176,332,38595,83.59,16.92
8/27/2017 23:51,19,2201,105,3246,54.09,171,347,56333,74.59,18.37
8/27/2017 23:52,18.87,2130,102,3231,53.84,180,382,45336,74.4,18.11
8/27/2017 23:53,16.11,2092,99.93,2808,46.79,143,410,40167,58.2,15.68
8/27/2017 23:54,19.68,1970,94.58,3320,55.33,176,468,58508,75.19,18.57
8/27/2017 23:55,19.18,1963,93.83,3368,56.13,184,368,42482,73.59,18.46
8/27/2017 23:56,21.25,1877,88.9,3627,60.45,154,346,47862,79.59,20.63
8/27/2017 23:57,17.11,2153,102,2642,44.03,191,371,51125,63.4,16.35
8/27/2017 23:58,15.52,2238,106,2425,40.4,157,397,37736,52.79,14.75
8/27/2017 23:59,15.61,2168,103,2602,43.36,183,379,39177,66.8,14.79
